Protein_ID	Geneid	gene_ID	Chr	Start	End	Strand	Length	egg_TPM	L1_TPM	L2_TPM_mean	L3_TPM_mean	L4f_TPM	L4m_TPM	Af_TPM_mean	Am_TPM_mean
XGW13395.1	Hcon5G00000009530.1	V3C99_000041	Hc_chr3	820478	825837	-	3624	55.12224146532043	1.9248084811321928	3.3531588115311335	1.0487731483271077	12.904923612062692	0.8312344358711877	0.438358289931172	0.0420288222807124
XGW13484.1	Hcon5G00000009576.1	V3C99_000087	Hc_chr3	1646516	1650931	+	1017	0.0	864.8147191633389	1339.5915328935955	484.6228420599584	1082.0035420214003	0.0	0.0	0.0
XGW13538.1	Hcon5G00000009605.1	V3C99_000116	Hc_chr3	2099948	2104702	+	2301	0.0	4.640831071929329	97.7759304499665	24.830771803933057	0.0	0.0	0.0	0.0
XGW13550.1	Hcon5G00000009610.1	V3C99_000121	Hc_chr3	2150393	2154100	-	1119	364.7442981077095	43.25107664272734	30.413444491119307	58.46382787124628	147.9837479255433	21.71579535700085	128.29900056413206	43.57010439786439
XGW13555.1	Hcon5G00000009613.1	V3C99_000124	Hc_chr3	2195117	2197046	+	327	0.2746834684596193	1.3167791625369172	0.2429483946151556	0.8928325303828836	0.0	0.0	0.0	0.0
XGW13614.1	Hcon5G00000009651.1	V3C99_000162	Hc_chr3	2644924	2670667	+	3422	4.960918293749226	0.2013263757566671	0.4332388041098695	9.744795333822587	2.8352824941454196	0.3227774162436102	10.826302308966504	5.071806842805479
XGW13663.1	Hcon5G00000009675.1	V3C99_000186	Hc_chr3	3161430	3173229	+	2166	11.113647480114128	8.82643273547599	18.134226554537836	30.742778642751837	21.23930657285471	15.62290922924363	132.21792900037806	102.93428592222632
XGW13680.1	Hcon5G00000009683.1	V3C99_000194	Hc_chr3	3227290	3240551	+	1919	0.514870472146561	1.5706657128957808	0.8237850257515245	0.007984793155703	0.3976577036539359	0.3139545175192479	0.0	0.0
XGW14041.1	Hcon5G00000009870.1	V3C99_000381	Hc_chr3	5766017	5768584	+	366	2283.331098112824	4447.043856954595	3154.439881729547	1794.9804751145598	1688.541374217478	1565.7313524656763	115.3994292414115	200.01540710219493
XGW14229.1	Hcon5G00000009996.1	V3C99_000507	Hc_chr3	7804594	7807354	+	1179	513.7880888824233	62.816732160921426	387.9918746757549	64.43244554444699	130.55912374123437	43.606036781050555	127.49700600718916	46.77201938736462
XGW14409.1	Hcon5G00000010085.1	V3C99_000596	Hc_chr3	9433368	9447212	-	3999	1.9541060250581923	1.8089167310109548	2.9128000986931495	9.1385925977535	6.351712787542364	3.0884755543757074	42.42594212257169	24.04978912667963
XGW14462.1	Hcon5G00000010115.1	V3C99_000626	Hc_chr3	9841992	9850122	+	1432	0.0	0.7817916508302284	0.0	0.0	0.0	0.2804835750090488	0.0	0.0
XGW14543.1	Hcon5G00000010158.1	V3C99_000669	Hc_chr3	10453125	10464900	-	4597	0.0	0.0	0.0	0.0	0.0	4.718127885207684	0.0	0.0
XGW14947.1	Hcon5G00000010372.1	V3C99_000883	Hc_chr3	14099196	14100708	-	546	347.6058923363415	1041.4522157309975	2346.15542263077	1936.903064193724	2550.472258745748	1820.125727449654	1035.2659213356544	1092.3700514832228
XGW15150.1	Hcon5G00000010482.1	V3C99_000993	Hc_chr3	15741081	15791495	-	8297	0.0	0.0	0.0	0.001431824167276	0.0	0.0	0.0153409429922117	0.0
XGW15162.1	Hcon5G00000010488.1	V3C99_000999	Hc_chr3	15838717	15841638	-	1026	104.52910726943162	19.388995633635695	21.91623378774305	12.599977114956989	54.720014432697035	11.352750392763914	21.45410608537961	5.235078084363389
XGW15409.1	Hcon5G00000010619.1	V3C99_001130	Hc_chr3	18203165	18208112	+	2203	22.26170486868695	13.056376447930734	8.497662897385442	0.9962266918007994	10.49077804695697	4.694757759820093	0.4347825839029637	0.701355566148226
XGW15536.1	Hcon5G00000010686.1	V3C99_001197	Hc_chr3	19399940	19404559	+	1351	0.0	0.0	0.0	0.0408934638149231	0.0	0.0	0.0	0.0
XGW15639.1	Hcon5G00000010733.1	V3C99_001244	Hc_chr3	20023333	20028298	-	1785	136.7198877894481	92.82341473969484	251.36087068836383	117.03715480026932	90.38780290529144	31.333393702103297	183.2802941863379	36.48456838767345
XGW15681.1	Hcon5G00000010753.1	V3C99_001264	Hc_chr3	20323731	20325869	+	2139	41.61435284647913	13.769114620210711	19.9633612393538	32.035817938774294	45.41018324857448	3.8024603590988297	80.59573156052966	15.850300374621163
XGW15689.1	Hcon5G00000010759.1	V3C99_001270	Hc_chr3	20380958	20383096	+	2139	30.78034373003955	7.971592674858835	17.967154992883692	32.611370187907546	32.92365699054894	3.2391328984915955	86.73894980754024	16.92305864631574
XGW15712.1	Hcon5G00000010773.1	V3C99_001284	Hc_chr3	20597867	20599773	+	1672	2567.970732711303	3581.1326141379886	962.4036187740658	438.437268185013	1454.48985935765	61.31686325966358	225.07656894260796	14.147703467036266
XGW15770.1	Hcon5G00000010804.1	V3C99_001315	Hc_chr3	21074183	21076907	+	447	0.6028288200422518	0.0	0.0	0.0689462370386526	0.243881474372612	0.0	0.0583352321432019	0.0
XGW15772.1	Hcon5G00000010805.1	V3C99_001316	Hc_chr3	21077255	21094668	+	2157	188.63763034952183	76.97462435756836	26.077495581745893	37.43039679642446	85.96872850940773	22.484718075621075	156.35768348829424	58.2949967413424
XGW15846.1	Hcon5G00000010847.1	V3C99_001358	Hc_chr3	21531473	21541242	+	3555	367.82596690973	17.4899386554144	23.450483678711315	74.95336081541109	75.03790481069828	19.85665914397394	155.31492563647248	68.5155888372618
XGW15916.1	Hcon5G00000010890.1	V3C99_001401	Hc_chr3	22023409	22025914	+	327	0.5493669369192387	0.5267116650147668	1.144785796020679	0.3745083418521718	0.3333792631332036	0.0	0.0	0.0
XGW15922.1	Hcon5G00000010894.1	V3C99_001405	Hc_chr3	22033116	22034267	+	351	11410.656483666433	29643.508077586088	7948.047999423234	3648.329192385958	7117.034647880448	3799.10607307983	1038.9827331849715	743.1239857962881
XGW16010.1	Hcon5G00000010941.1	V3C99_001452	Hc_chr3	22722822	22725537	-	1375	0.0	0.0	0.0	0.0902049944432124	0.0	0.0	0.0	0.0
XGW16016.1	Hcon5G00000010943.1	V3C99_001454	Hc_chr3	22737931	22740157	-	396	2275.7046746745023	4328.049605024637	1405.1091078020218	597.0005128079757	1554.0146022892109	766.5375285766236	679.5044184734245	539.7481902309261
XGW16063.1	Hcon5G00000010973.1	V3C99_001484	Hc_chr3	23229388	23255795	-	5115	0.0	0.0	0.398563453164822	1.0002398642957675	0.0	0.0	0.0362917007454248	0.0576114432363737
XGW16149.1	Hcon5G00000011017.1	V3C99_001528	Hc_chr3	24027850	24038402	+	690	189.79672249799836	146.39950729085447	111.21089205179868	291.42972930959775	692.0083817611045	324.08698248284685	27.94250249743443	52.48803204322064
XGW16190.1	Hcon5G00000011041.1	V3C99_001552	Hc_chr3	24284548	24317357	+	2167	0.5802957630863578	0.4371439453295145	0.333371223866147	0.1567773092184654	0.0	0.0	0.1082171510682533	0.0
XGW16405.1	Hcon5G00000011171.1	V3C99_001682	Hc_chr3	26431291	26473437	+	5631	0.0	0.0	0.0	21.08921187496163	0.0	0.0	0.0	0.0
XGW16406.1	Hcon5G00000011171.2	V3C99_001682	Hc_chr3	26431291	26565885	+	5524	0.0	0.0	0.0	20.027366992398857	0.0	0.0	0.0	0.0
XGW16460.1	Hcon5G00000011199.1	V3C99_001710	Hc_chr3	26866556	26870965	+	1512	113.04914248447116	36.90743881282045	18.66725464335822	110.47752853534509	66.692389296439	16.536287594878722	408.9912703864066	206.43368983234768
XGW16463.1	Hcon5G00000011201.1	V3C99_001712	Hc_chr3	26882239	26887827	-	2665	0.0	0.0	0.0	0.0	0.0	0.0	0.0	0.382110890314854
XGW16464.1	Hcon5G00000011201.2	V3C99_001712	Hc_chr3	26882239	26899686	-	5185	0.0	0.0	0.0	0.0	0.0	0.0	0.0	0.3792112251034861
XGW16465.1	Hcon5G00000011201.3	V3C99_001712	Hc_chr3	26882239	26899686	-	7727	0.0	0.0	0.0	0.0	0.0	0.0	0.0	1.905080738128091
XGW16512.1	Hcon5G00000011229.1	V3C99_001740	Hc_chr3	27278715	27285588	-	3549	230.94424752041328	67.33605700563889	43.93695752829379	124.3951588184144	138.34985792524296	75.96766041305945	389.13375778804493	275.3397686561766
XGW16761.1	Hcon5G00000011355.1	V3C99_001866	Hc_chr3	29191346	29206561	+	1856	0.0	0.0	0.0	0.0	0.704838485201881	0.0	0.0	0.0
XGW16765.1	Hcon5G00000011355.5	V3C99_001866	Hc_chr3	29197615	29225700	+	1238	0.0	0.0	0.0	0.0	0.0	0.0	0.0	0.0
XGW16766.1	Hcon5G00000011355.6	V3C99_001866	Hc_chr3	29219504	29225700	+	1228	0.0	0.0	0.0	0.0	0.9765189002362652	0.0	0.0	0.0
XGW16770.1	Hcon5G00000011358.1	V3C99_001869	Hc_chr3	29262979	29270925	-	2284	0.0	17.457240103962505	0.0	0.0	0.0	0.0	0.0	0.0
XGW16839.1	Hcon5G00000011399.1	V3C99_001910	Hc_chr3	29802510	29806860	-	1658	37.00125484272608	9.141528873621793	7.856292465874272	1.8801706058806784	75.61355361956647	8.23654059109805	5.381378458174546	1.2160701703845038
XGW16903.1	Hcon5G00000011429.1	V3C99_001940	Hc_chr3	30200303	30202048	+	823	0.7639738266149072	0.0	0.3125012476689111	0.0936550982168892	0.0	0.0	0.1584194943378572	0.0
XGW16967.1	Hcon5G00000011462.1	V3C99_001973	Hc_chr3	30558406	30562529	-	1734	681.1204308279123	392.34551448461576	149.43189000430797	352.00827709221863	376.6487768719403	169.3240844584038	289.80212702055496	274.8776198470243
XGW17223.1	Hcon5G00000011591.1	V3C99_002102	Hc_chr3	32626695	32636424	+	1870	0.0	0.0	0.0	0.0	0.0	0.0	0.0	0.0
XGW17225.1	Hcon5G00000011591.3	V3C99_002102	Hc_chr3	32628802	32636424	+	2195	0.0	0.0	0.0	0.0	0.0	0.0	0.1549608235515104	0.99681323024531
XGW17226.1	Hcon5G00000011592.1	V3C99_002103	Hc_chr3	32637707	32644945	+	1098	0.0	0.0	0.0	0.0	1.0921358920675166	0.0	6.757235657458427	800.6269797264275
XGW17582.1	Hcon5G00000011784.1	V3C99_002295	Hc_chr3	35399916	35408335	+	2265	0.079312577647943	0.0380209082692778	0.0	0.0607055183152034	0.0	0.0	0.0	0.0
XGW17783.1	Hcon5G00000011892.1	V3C99_002403	Hc_chr3	36864912	36877901	-	5710	0.0	1.070811272035713	0.0	0.0	0.0	0.0	0.0	0.0
XGW17833.1	Hcon5G00000011932.1	V3C99_002443	Hc_chr3	37340235	37358992	-	5342	0.0	4.49770547868703	0.0	0.0	0.0	0.0	0.0	0.0
XGW17855.1	Hcon5G00000011945.1	V3C99_002456	Hc_chr3	37475052	37480022	+	2699	71.8838189856978	9.986933239334276	40.931181575044086	2.376810715077763	18.256683441326427	7.254745598881697	0.8131632399749789	0.8495187900207904
XGW17857.1	Hcon5G00000011946.1	V3C99_002457	Hc_chr3	37496062	37505133	+	2238	15.813078064968916	24.62694755457784	144.29861468430624	41.867854405722625	54.21524405567139	50.25142727239866	16.067846377946182	32.20245204860507
XGW17859.1	Hcon5G00000011946.3	V3C99_002457	Hc_chr3	37506246	37514883	+	2238	1.0033678975234084	0.8850309277426412	4.777282973914865	13.42072840430131	3.507185599288716	46.16849880651626	16.72166975752473	89.53645601168701
XGW17875.1	Hcon5G00000011956.1	V3C99_002467	Hc_chr3	37590142	37596846	+	2676	0.0	3.3790442859271344	0.0	0.0	0.0	0.0	0.0	0.0
XGW17927.1	Hcon5G00000011980.1	V3C99_002491	Hc_chr3	37860784	37861297	-	396	359.9664426102298	239.6498173418325	153.8156636334279	71.44345813029454	559.9407796379548	496.9942295766398	32.504035353590915	0.0
XGW18027.1	Hcon5G00000012037.1	V3C99_002548	Hc_chr3	38521667	38551267	-	8337	1.626849660804921	2.4997481647642172	2.2809011530286845	3.2625144070426915	0.0	3.3603526974995575	0.0	3.6740453721705824
XGW18029.1	Hcon5G00000012037.3	V3C99_002548	Hc_chr3	38533453	38551809	-	4891	27.47351365829035	14.50842411724585	32.21909525676224	14.316354863877867	0.0	4.7014116635436185	0.0	5.193356334075426
XGW18078.1	Hcon5G00000012067.1	V3C99_002578	Hc_chr3	38952501	38956284	-	1626	2882.7948927466286	4127.436510630047	764.9118408017202	551.4100142305165	2345.9013015799937	758.6563206623905	1369.3868110410467	682.2184737782377
XGW18204.1	Hcon5G00000012143.1	V3C99_002654	Hc_chr3	39925584	39927931	+	864	0.0	0.0	10.430318095891996	0.0	0.0	0.0	0.0	0.0
XGW18415.1	Hcon5G00000012265.1	V3C99_002776	Hc_chr3	41384329	41394246	-	1953	0.0	829.689807290358	1470.855781161501	1143.7680837199991	0.0	0.0	0.0	0.0
XGW18513.1	Hcon5G00000012313.1	V3C99_002824	Hc_chr3	41992214	41998219	+	840	0.0	1.7428512772720772	0.0	2.081364257240875	0.0	2.1517097111408456	0.0	2.386086637840655
XGW18611.1	Hcon5G00000012367.1	V3C99_002878	Hc_chr3	42530070	42535368	-	3421	11.841418847710983	26.255598828062176	48.8306837816936	0.0	102.19560540072963	105.10943647893907	0.0	0.0
XGW18706.1	Hcon5G00000012413.1	V3C99_002924	Hc_chr3	43301856	43303289	-	525	1010.2779488953807	1983.8158444544467	1129.9018068274356	928.31588809069	706.4173234087332	424.0302604088226	297.89052950872946	327.54726304199755
XGW19083.1	Hcon5G00000006095.1	V3C99_003138	Hc_chr1	383540	390350	-	903	72.51369796435154	30.994619158053347	49.67977517271946	668.328573423817	84.26631593920398	62.382901702843114	723.2474374369085	589.9286293201995
XGW19113.1	Hcon5G00000006112.1	V3C99_003155	Hc_chr1	642812	647288	-	1863	0.0964267248376763	0.0462250978153056	0.0	0.3946092061445574	0.0	0.0	0.3511582580387616	0.0
XGW19114.1	Hcon5G00000006112.2	V3C99_003155	Hc_chr1	642812	652000	-	2286	89.86078617850299	10.472714483777864	7.934097681358727	13.94251416677248	23.55792625022373	6.237385397707787	111.81117119895052	45.941518035025375
XGW19147.1	Hcon5G00000006135.1	V3C99_003178	Hc_chr1	999948	1001769	+	837	0.1073136131258011	0.0	0.0	0.0	0.0	0.0	0.0	0.0
XGW19149.1	Hcon5G00000006135.3	V3C99_003178	Hc_chr1	1002880	1004838	+	912	81.05601942469433	23.229023989647963	23.4087775070147	61.36742849572717	75.54549565368464	10.900108405121388	49.88777805288129	19.19287340546615
XGW19175.1	Hcon5G00000006152.3	V3C99_003195	Hc_chr1	1229468	1258656	-	942	0.0	0.0	0.1686711784270825	0.0	0.0	0.0	0.0	0.0
XGW19177.1	Hcon5G00000006152.5	V3C99_003195	Hc_chr1	1254887	1258656	-	942	0.0	0.0	0.0	0.0	0.0	0.0	0.0	0.0
XGW19250.1	Hcon5G00000006195.1	V3C99_003238	Hc_chr1	1662201	1670611	-	1210	0.0	0.0	36.61215585744512	0.0	0.0	0.0	0.0	0.0
XGW19442.1	Hcon5G00000006314.1	V3C99_003357	Hc_chr1	2833242	2834415	+	570	74.69366358649839	4.23032632006597	3.1253746247483347	2.121425084460958	25.0543289383106	2.8186138906172484	7.436221092355478	0.0
XGW19453.1	Hcon5G00000006321.1	V3C99_003364	Hc_chr1	2878656	2882406	-	1491	0.0	0.0	0.0	11.42400493362786	0.0	0.0	0.0	116.38062817080232
XGW19456.1	Hcon5G00000006322.3	V3C99_003365	Hc_chr1	2884091	2896700	-	987	0.0	0.0	0.0	0.5122534837535266	0.0	0.0	0.0	2.2751192291624536
XGW19457.1	Hcon5G00000006322.4	V3C99_003365	Hc_chr1	2884539	2904362	-	1194	0.0	0.0	0.0	0.0986459800821335	0.0	0.0	0.0	0.0489442109246086
XGW19458.1	Hcon5G00000006322.5	V3C99_003365	Hc_chr1	2893645	2904353	-	1488	0.0	0.0	0.0	1.7551729655616797	0.0	0.0	0.0	4.3378404167013835
XGW19459.1	Hcon5G00000006322.6	V3C99_003365	Hc_chr1	2900944	2904353	-	1488	0.0	0.0	0.0	10.9102202967116	0.0	0.0	0.0	9.752883215199663
XGW19568.1	Hcon5G00000006382.2	V3C99_003425	Hc_chr1	3632749	3636672	-	1035	0.0	0.0	0.0	0.0188237277504458	0.0	0.0	0.0768662730073904	0.0
XGW19654.1	Hcon5G00000006426.1	V3C99_003469	Hc_chr1	4094844	4096191	+	621	1605.9388888090805	4650.198615121931	1903.3535688427528	1741.1030339227789	1305.020372910211	892.0759778266056	439.49042492832785	401.95873978340705
XGW19657.1	Hcon5G00000006429.1	V3C99_003472	Hc_chr1	4108235	4108945	-	360	1.2475207525874377	0.0	0.0	0.0638450752741419	0.6056389946919865	0.2789253329256652	0.3570054998329201	0.0
XGW19673.1	Hcon5G00000006441.1	V3C99_003484	Hc_chr1	4245319	4248253	+	1487	0.3020225090326009	1.6794911631926814	2.69082636141193	0.3214676056738177	5.498403785031485	0.675273166464287	0.3503661236191859	1.130531432637473
XGW19687.1	Hcon5G00000006449.1	V3C99_003492	Hc_chr1	4390221	4392366	+	768	121.39936323616504	312.17541995843965	557.942045749325	133.3808992775443	225.83710325506655	82.1086448799927	81.65548067382362	33.641624515962285
XGW19724.1	Hcon5G00000006468.2	V3C99_003511	Hc_chr1	4579919	4585125	-	2958	0.0910968500875208	0.0	0.0332320070159574	0.0	0.0	0.0	0.0620973343771121	0.0098781926713966
XGW19901.1	Hcon5G00000006564.1	V3C99_003607	Hc_chr1	5978348	5980850	+	1197	97.70057262368988	69.71405109088307	116.01712088137964	131.54325571535267	161.74659467262677	16.19025240741455	165.6498339939125	42.738436518203656
XGW20006.1	Hcon5G00000006615.1	V3C99_003658	Hc_chr1	6673830	6685107	+	2169	33.129181811450636	43.75349362257522	111.01894917781102	119.7753762110263	61.217285936501206	118.28285902490865	148.4564628970758	130.11340546993736
XGW20309.1	Hcon5G00000006773.1	V3C99_003816	Hc_chr1	9017300	9020363	+	870	87.03393057361738	12.076227105804088	12.702376571711673	18.371713665797163	42.728875280682914	6.117121094507692	11.381473706479346	5.010969914626132
XGW20321.1	Hcon5G00000006782.1	V3C99_003825	Hc_chr1	9081688	9083295	+	870	208.65429856379689	46.622155465850206	29.66493471717039	37.53885928520768	94.229073932767	14.65800715099013	53.630490469183705	15.737102767134088
XGW20409.1	Hcon5G00000006821.1	V3C99_003864	Hc_chr1	9663382	9667196	+	2185	114.36311067564031	150.794054353159	49.84738339392432	4.9968899177036725	76.7844916748623	50.50527172481015	3.0065040678661408	8.651612706694518
XGW20439.1	Hcon5G00000006843.1	V3C99_003886	Hc_chr1	9826695	9833278	-	855	1311.183706361584	1848.35043570311	654.4085137443603	1465.60138843594	865.2349932589095	378.98612604257744	455.81601622930975	250.6129935587888
XGW20493.1	Hcon5G00000006871.1	V3C99_003914	Hc_chr1	10195946	10203554	-	1161	103.12838221389484	43.318291664315254	242.51839926775764	78.44320525667814	66.94893073106766	66.07719514890177	48.06331166542869	72.5236240588131
XGW20668.1	Hcon5G00000006958.1	V3C99_004001	Hc_chr1	11331957	11335281	-	858	310.0830603494258	383.9147918466464	388.0870527345832	104.45612297702992	299.34660241139585	175.78147554727937	35.95688414389534	48.29888485261838
XGW20786.1	Hcon5G00000007024.1	V3C99_004067	Hc_chr1	12256014	12260956	+	3159	0.9667397285008064	0.4361752819495505	0.9145429087911864	1.4075326728623123	0.5176401664034073	0.0953590881797146	1.2505303862234964	0.7917712299603913
XGW20832.1	Hcon5G00000007048.1	V3C99_004091	Hc_chr1	12536910	12540104	-	1254	0.071627985794494	0.137348257144999	0.0391946877006387	0.0816172204127292	0.3477353079571215	0.0	0.0	0.0
XGW20834.1	Hcon5G00000007048.3	V3C99_004091	Hc_chr1	12537518	12540113	-	1209	0.0	0.0	0.0	0.0090345361334966	0.0	0.0	0.0	0.0
XGW20842.1	Hcon5G00000007052.1	V3C99_004095	Hc_chr1	12552851	12565036	+	1110	535.6921545164652	94.0308441105011	79.1853157884969	97.25002703478286	146.53189947250442	26.414982880311644	42.70896347441197	16.095977943534052
XGW20872.1	Hcon5G00000007065.1	V3C99_004108	Hc_chr1	12835334	12836186	-	216	1110.2934698028198	316.9597175823238	128.22934024242937	61.41070842102574	919.5618736073328	382.59258166303744	18.46468815659548	13.624291349957897
XGW20874.1	Hcon5G00000007067.1	V3C99_004110	Hc_chr1	12839417	12849149	-	3927	144.39600020322985	6.820091188821842	9.316052167655268	22.89148838137884	21.708618511037436	18.20579101999147	72.99660328992144	37.68413150583361
XGW21296.1	Hcon5G00000007291.1	V3C99_004334	Hc_chr1	16078997	16095519	+	1782	0.0	189.0522455013609	0.0	0.0	0.0	0.0	0.0	0.0
XGW21305.1	Hcon5G00000007296.1	V3C99_004339	Hc_chr1	16113311	16115926	-	549	2063.1130085413233	4410.651822569641	2945.565728930106	1617.8831216493272	1548.847265113933	885.0620891982254	245.9061898733528	229.45546670321343
XGW21337.1	Hcon5G00000007315.1	V3C99_004358	Hc_chr1	16371806	16374518	+	1200	0.0	15.357595372668063	0.0	0.0	151.44003062273123	53.637341521605414	66.91862563089462	51.5279593047298
XGW21415.1	Hcon5G00000007362.1	V3C99_004405	Hc_chr1	16897435	16900091	-	600	0.0	0.0	0.0	0.0	0.0	0.0	51.77677638032028	0.0
XGW21424.1	Hcon5G00000007367.1	V3C99_004410	Hc_chr1	16991170	17000537	-	1176	92.49475294184002	0.0	1419.768063391944	0.0	144.61175995706617	48.071927276678416	82.06573826309553	32.17351764880444
XGW21584.1	Hcon5G00000007454.1	V3C99_004497	Hc_chr1	18236073	18242313	-	2143	80.72617722949379	21.177716873618703	13.60679531941832	29.898270660020287	52.294652159498455	7.309587819461203	149.85865896795914	41.91163185790682
XGW22045.1	Hcon5G00000007715.1	V3C99_004758	Hc_chr1	22338431	22359723	-	1972	0.0	0.0436700594472182	0.0	0.0	0.0	0.0	0.0	0.0
XGW22124.1	Hcon5G00000007763.1	V3C99_004806	Hc_chr1	23643274	23660978	-	12614	13.237526374847263	1.693127048756839	8.948744132877414	43.53835004720256	0.700033022245851	0.3980225140845072	5.283150104159853	2.9232290434254753
XGW22333.1	Hcon5G00000007910.1	V3C99_004953	Hc_chr1	25889027	25912138	-	2594	0.0	0.0	0.0	0.0217468494241507	0.0	0.0	0.0588822532026435	0.0
XGW22336.1	Hcon5G00000007910.4	V3C99_004953	Hc_chr1	25889027	25929481	-	13339	1.5891650519503515	0.4971164635057655	1.4839835677382278	3.80491023004224	0.3350787750826045	0.0677500621245337	0.768576786163953	0.6198795369840496
XGW22371.1	Hcon5G00000007931.1	V3C99_004974	Hc_chr1	26237706	26263592	-	4423	0.2640016785941311	0.0	0.0	2.441027375687536	0.0	0.0454049829768209	0.6004908100685622	0.2045946062193015
XGW22372.1	Hcon5G00000007931.2	V3C99_004974	Hc_chr1	26237706	26263592	-	5390	1.0165326800304315	0.0	0.0	2.19516331592189	0.0	0.1862952130857875	1.469543397544757	0.5253226818312647
XGW22471.1	Hcon5G00000007986.2	V3C99_005029	Hc_chr1	27075661	27084949	-	753	0.0	0.0	0.0	0.030456076204695	0.0	0.0	0.0	0.0
XGW22472.1	Hcon5G00000007986.3	V3C99_005029	Hc_chr1	27075661	27085033	-	855	2.836468237461964	1.1079426076363257	2.4859818768921143	0.0268821369575334	3.95259133377928	0.352326736327156	0.0297739892412587	0.0356286437298951
XGW22681.1	Hcon5G00000008090.1	V3C99_005133	Hc_chr1	28532121	28540663	+	1321	0.0	0.0	0.0	0.0	0.0	0.0	0.0	0.0
XGW22682.1	Hcon5G00000008090.2	V3C99_005133	Hc_chr1	28532321	28540663	+	1304	0.0	0.0	0.0	0.0	0.0	0.0	0.0	0.0
XGW22868.1	Hcon5G00000008203.1	V3C99_005246	Hc_chr1	30196576	30216687	-	3844	1.1216003436374051	0.4032550546666126	0.2991493376629226	0.1624734529725396	0.3686772236158295	0.0261220395039644	0.0750797081493959	0.3250854910428128
XGW22934.1	Hcon5G00000008245.1	V3C99_005288	Hc_chr1	30782343	30788273	-	1460	0.0	0.0	0.0	0.0080966775265851	0.0	0.0	0.0	0.0
XGW23123.1	Hcon5G00000008356.1	V3C99_005399	Hc_chr1	32623027	32629124	+	2932	0.0	1.1161185452717417	0.0	1.6177197533702252	0.0	0.6849462472935844	0.0	0.3875581508516172
XGW23369.1	Hcon5G00000008492.1	V3C99_005535	Hc_chr1	34940859	34961678	-	2814	0.9895047333955796	15.209781998318212	18.106303987526893	7.5799601845025375	4.493867167437342	46.780952426296	6.266352645182302	72.4409433153318
XGW23415.1	Hcon5G00000008518.1	V3C99_005561	Hc_chr1	35378187	35380129	-	402	1260.1821572405645	2344.6628728393357	1346.6204259974938	825.9501220084725	1080.6588330660743	669.6705829018285	88.67153852591298	101.57712552959856
XGW23468.1	Hcon5G00000008543.1	V3C99_005586	Hc_chr1	35732721	35736822	-	627	46.98795868118809	47.385148715024656	25.272961638915227	0.0	27.64495698259115	0.0	0.0	0.0
XGW23476.1	Hcon5G00000008548.2	V3C99_005591	Hc_chr1	35766828	35774187	-	1191	2.0362555357094703	0.0	0.4002222923886946	0.0	0.0	0.0	0.0	0.0
XGW23518.1	Hcon5G00000008572.1	V3C99_005615	Hc_chr1	35948459	35951200	-	552	0.0	80.65701755048141	5.6459353417404365	0.0	0.0	0.0	0.0	0.0
XGW23524.1	Hcon5G00000008575.1	V3C99_005618	Hc_chr1	35974139	35975667	-	789	15.027170130026628	13.425139340024677	21.973040775196154	3.1180086667647195	32.19328192317099	20.744408790973427	2.5357354204279736	1.1641409918448995
XGW23526.1	Hcon5G00000008576.1	V3C99_005619	Hc_chr1	35976905	35979831	-	1511	0.178335196928449	0.0	0.0	0.1982543943646952	0.0	0.1329094902094499	0.5078870627655175	0.1160279043891119
XGW23527.1	Hcon5G00000008576.2	V3C99_005619	Hc_chr1	35976905	35980544	-	886	0.0	0.0	0.0	0.0	0.2460835644346672	0.0	0.05986199590869	0.0
XGW23689.1	Hcon5G00000008659.2	V3C99_005702	Hc_chr1	37200436	37210982	+	4437	0.080974977855574	0.0776356612394991	0.0664640140319148	0.1806775945124236	0.1965562660257968	0.0226308586552263	0.0	0.0
XGW23691.1	Hcon5G00000008660.1	V3C99_005703	Hc_chr1	37212535	37221869	-	2620	10.66201705799157	33.69095082468025	24.63350335945017	6.57291754996379	22.05265652428073	16.671643945098918	0.0	0.0
XGW23767.1	Hcon5G00000008703.1	V3C99_005746	Hc_chr1	37681468	37699512	+	6618	116.35534446344992	0.0	0.0	0.0	0.0	0.0	181.3108033026349	0.0
XGW23931.1	Hcon5G00000008789.1	V3C99_005832	Hc_chr1	38877755	38884282	-	2283	692.9199104726398	86.38140519338764	347.9112535923882	124.15275061047146	181.7394491824731	59.72887286933825	255.6819889002418	112.79305903574704
XGW23956.1	Hcon5G00000008801.1	V3C99_005844	Hc_chr1	39029455	39041231	-	6217	8.740872443736336	3.698461376932144	0.757313316455847	0.8209225365861045	1.981453619436224	0.2099679199118727	0.7580184209265122	0.2369998767876958
XGW24431.1	Hcon5G00000009067.1	V3C99_006110	Hc_chr1	42452543	42457087	+	1491	0.0	28.53251138268123	4.933284214337575	0.0	0.0	0.0	0.0	0.0
XGW24613.1	Hcon5G00000009177.1	V3C99_006220	Hc_chr1	43533673	43534283	-	273	1453.9237465539925	3239.022066068722	2178.056427739042	2247.783477235005	1625.6415477303808	1296.5430310720485	134.9376900280405	149.70797503567087
XGW24653.1	Hcon5G00000009197.1	V3C99_006240	Hc_chr1	43719467	43722142	+	897	414.26033606321585	24.38551698595123	13.44968157367194	30.21373562939713	156.4128534117565	12.313760517119666	159.02034377671404	0.0
XGW24704.1	Hcon5G00000009235.1	V3C99_006278	Hc_chr1	44177084	44185503	-	1641	327.86761131987214	67.95976697912195	64.05599877391498	142.31294860352784	141.1681386165051	53.90856708757097	1709.4122813973518	502.1739240285429
XGW24743.1	Hcon5G00000009265.1	V3C99_006308	Hc_chr1	44472501	44477665	-	690	25.77486354911089	9.859813364004692	16.27364060750944	10.746741442064865	33.17848405703927	18.33630884276547	1.087742928042986	3.2509908446324385
XGW24772.1	Hcon5G00000009283.1	V3C99_006326	Hc_chr1	44816030	44834256	+	738	441.8049104285268	392.1957149725505	118.86490672173716	178.21763196444678	400.0171701526585	117.69288438082944	133.5448641234361	81.34315433395238
XGW24787.1	Hcon5G00000009296.1	V3C99_006339	Hc_chr1	45026847	45035063	+	2454	585.8528263838003	156.7588568647219	118.98717942929645	257.8860467060827	257.56686243697834	109.70153803037286	272.67278264800524	270.70407594104506
XGW24881.1	Hcon5G00000009341.1	V3C99_006384	Hc_chr1	45827341	45828003	+	552	9.925925987978308	13.572844346019115	32.266732903048805	0.0	18.56415179381959	13.097363459118192	0.0	0.0
XGW24913.1	Hcon5G00000009353.2	V3C99_006396	Hc_chr1	45940285	45965469	+	3131	17.958561277745446	96.70668413298594	235.5065658099149	52.87061227158823	59.677975931769936	35.27768503307678	5.235390698274323	0.0
XGW25192.1	Hcon5G00000002159.1	V3C99_006534	Hc_chr4	4078	15235	+	1064	0.0	0.0	6.170211495647308	0.0	0.0	0.4718661647238696	7.179662974591529	0.0
XGW25234.1	Hcon5G00000002189.1	V3C99_006563	Hc_chr4	405392	408325	+	1080	549.3249713893351	109.79963046814083	88.54361933693426	154.71016854128095	291.6151759441915	45.18590393395776	51.85360959090308	23.054929378961884
XGW25273.1	Hcon5G00000002207.1	V3C99_006581	Hc_chr4	830638	842376	+	1335	6.391791721122153	51.02534050102043	4.192463593533926	17.623074504987194	0.0	45.43035534933082	117.14378493208712	365.10634491564286
XGW25330.1	Hcon5G00000002246.1	V3C99_006620	Hc_chr4	1285804	1295300	-	1273	0.0	0.0	0.2168457804756953	0.0503320788995633	0.0	3.6284395233692184	3.4814345607181516	1.6179550329652936
XGW25464.1	Hcon5G00000002312.1	V3C99_006686	Hc_chr4	2122521	2126143	+	900	1547.324939849251	2831.921449529496	761.6333530516608	497.037347763549	1040.0032816850792	600.470456722372	416.12593691865663	387.3159662872171
XGW25694.1	Hcon5G00000002437.1	V3C99_006811	Hc_chr4	3482351	3486627	+	1859	19.665060857354643	7.411929616345509	2.832139044260622	0.6453969837167453	11.083291339118547	3.997079542302163	0.4877060612497765	0.2424547463693169
XGW26313.1	Hcon5G00000002782.1	V3C99_007156	Hc_chr4	7897035	7914479	+	2509	66.33687872746337	17.813833560113817	3.976310151562002	0.0	20.59510523201287	15.288087598221397	0.0	0.0
XGW26674.1	Hcon5G00000002977.1	V3C99_007351	Hc_chr4	10601875	10605341	-	804	0.0	0.0	0.0	0.0	0.0	0.0	0.0	62.80471943770641
XGW26826.1	Hcon5G00000003048.1	V3C99_007422	Hc_chr4	11384861	11391161	-	2757	193.9127796143746	50.2897878636787	22.566711028041155	53.8493397128986	89.44213749684049	25.276280441838296	141.34237210950872	64.02578677700579
XGW26899.1	Hcon5G00000003086.1	V3C99_007460	Hc_chr4	11794675	11796709	-	1107	33.10494094671054	112.02257851045772	128.0508442518115	163.95214603229996	146.04270392328718	79.82253430067817	111.50590214996755	105.27381391374416
XGW26947.1	Hcon5G00000003111.1	V3C99_007485	Hc_chr4	12010781	12014925	+	2207	0.8139691362600411	1.2486431496861172	1.6912697950337638	0.5093227459254703	0.0	0.0	0.0	0.0
XGW26955.1	Hcon5G00000003117.1	V3C99_007491	Hc_chr4	12134826	12138972	+	2463	5.725527644031018	3.1467974627252517	7.980034393705219	16.12168643527484	0.0	0.0	0.0	0.0
XGW27008.1	Hcon5G00000003150.1	V3C99_007524	Hc_chr4	12698098	12706157	-	1804	0.0	18.28323049836874	1.3816192590221634	0.0259112623783094	9.789597053890423	2.560423233508323	0.0	0.0
XGW27015.1	Hcon5G00000003154.1	V3C99_007528	Hc_chr4	12722770	12727005	+	1548	182.19605409881652	19.860398275891107	30.81182711452032	106.54717804803607	112.95871482394725	13.038137655362489	120.08753901820826	44.39890150311934
XGW27032.1	Hcon5G00000003166.1	V3C99_007540	Hc_chr4	12982249	12989434	-	1584	26.197935804336197	128.6323656603393	85.89165079318917	34.97656263658635	13.213941702370615	18.70067573024346	9.248449773114796	53.25838674214847
XGW27072.1	Hcon5G00000003195.1	V3C99_007569	Hc_chr4	13445408	13448866	+	1650	0.0	0.0	0.0	37.53843512376992	0.0	0.0	0.0	0.0
XGW27138.1	Hcon5G00000003233.1	V3C99_007607	Hc_chr4	13982739	13987224	-	2988	0.5410933384716597	0.7493478206083581	1.4961530230552	0.4065485368518138	0.1094528303660216	0.0	0.1501357476876348	0.0
XGW27361.1	Hcon5G00000003358.1	V3C99_007732	Hc_chr4	15740182	15748452	+	1985	31.901336726115034	18.17792074525649	12.131395488157011	2.9023013211579203	21.803003808911516	4.198634230639232	17.521360022951054	4.7519875126357585
XGW27440.1	Hcon5G00000003402.1	V3C99_007776	Hc_chr4	16394745	16415865	+	4412	0.0	3.162060714244363	0.0	0.3698648674725925	0.0	0.0	0.0	0.0
XGW27450.1	Hcon5G00000003408.1	V3C99_007782	Hc_chr4	16541022	16646525	+	1446	0.0	88.44002454109463	10.529772683553306	17.86301854115046	15.530493722806956	5.624801319579804	0.0	0.0
XGW27451.1	Hcon5G00000003408.2	V3C99_007782	Hc_chr4	16541266	16545436	+	1026	0.0	348.3304410371781	85.52582022349178	44.28208408383364	29.75068745855372	4.893426893432722	0.0	0.0
XGW27549.1	Hcon5G00000003465.1	V3C99_007839	Hc_chr4	17640280	17646837	+	2478	0.0	62.20745336624162	0.0	10.708011912969052	56.09126282558955	42.14271373985837	0.0	0.0
XGW27621.1	Hcon5G00000003504.1	V3C99_007878	Hc_chr4	18093037	18105174	-	1969	84.02803062019113	111.13469005648167	50.71087154165219	53.74570829372012	42.18864627321121	14.432154859556512	4.4017595904056686	2.1355512093876157
XGW27749.1	Hcon5G00000003568.1	V3C99_007942	Hc_chr4	19228289	19232025	-	678	99.625020100434	0.0	166.1501266562899	306.55202660676395	0.0	0.0	0.0	0.0
XGW27770.1	Hcon5G00000003574.2	V3C99_007948	Hc_chr4	19422913	19431970	-	2051	0.0437940000908315	0.0	0.038734336927916	0.0327999867109928	0.0	0.0	0.1749736728838651	0.0
XGW27822.1	Hcon5G00000003608.1	V3C99_007982	Hc_chr4	20033479	20041181	+	3949	9.826002909212376	3.5327961183201144	8.598237958907102	6.24125751664639	5.521145558093572	1.2459465365431082	8.427585917164238	0.943462247749704
XGW27912.1	Hcon5G00000003659.2	V3C99_008033	Hc_chr4	20665150	20675049	+	1290	0.0	0.0	23.676251039708077	0.0	0.0	0.0	0.0	0.0
XGW27947.1	Hcon5G00000003678.1	V3C99_008052	Hc_chr4	21030599	21064586	+	2367	64.28289444511391	18.082098243881475	5.793237603080333	12.714861981961043	20.12655822664624	9.375284954611711	31.23215139959461	18.17069016524432
XGW28236.1	Hcon5G00000003841.1	V3C99_008215	Hc_chr4	24445301	24455801	+	1946	93.6525239999967	4.381098851881564	0.1321626551035528	0.0198042512416495	0.8403007634472579	0.1031995065295369	0.0	0.0
XGW28238.1	Hcon5G00000003841.3	V3C99_008215	Hc_chr4	24445303	24480905	+	1674	4.453514944720745	0.0514440604718723	0.1649012416640143	1.2656262501041222	0.7814696705703053	67.36196750011226	0.0	84.54539840487217
XGW28243.1	Hcon5G00000003843.3	V3C99_008217	Hc_chr4	24500899	24559205	+	1068	0.0	18.868409730149786	0.0	37.29355473567895	32.76575010608894	0.0	0.0	0.0
XGW28244.1	Hcon5G00000003843.4	V3C99_008217	Hc_chr4	24553428	24564933	+	2612	0.0	14.836451283867335	0.0	6.979345193485134	25.25041597318428	0.0	0.0	0.0
XGW28284.1	Hcon5G00000003871.1	V3C99_008245	Hc_chr4	25010583	25022114	-	1885	0.0	0.0	25.533212022344813	7.986333476197302	19.027024544116415	0.0	0.0	0.0
XGW28749.1	Hcon5G00000004125.1	V3C99_008499	Hc_chr4	29811024	29819321	-	1842	10.92291785978838	99.62871240876632	28.192922969299964	3.149494910678274	5.089734873958714	99.81347581502794	2.393858935215309	82.89148345195065
XGW28807.1	Hcon5G00000004158.1	V3C99_008532	Hc_chr4	30452138	30459797	+	915	0.0	0.0	0.2273643589671178	1.2962490610821331	0.0	0.0	0.2585197496343173	0.0332923392230167
XGW29052.1	Hcon5G00000004296.1	V3C99_008670	Hc_chr4	32597027	32598765	+	1179	2779.361960054651	4394.103457368269	3068.7488842962375	0.0	2275.4458046374193	1499.8091947544929	1703.7209078375856	0.0
XGW29256.1	Hcon5G00000004419.1	V3C99_008793	Hc_chr4	34392070	34403391	+	1344	189.93503458143744	28.19318242646007	22.93427788478628	84.3293403989235	96.11815295223268	8.741320701509686	85.65504847009304	55.81294074438298
XGW29257.1	Hcon5G00000004420.1	V3C99_008794	Hc_chr4	34403822	34406065	-	939	69.733620087124	0.0	0.0	0.0	0.0	0.0	0.0	0.0
XGW29463.1	Hcon5G00000004536.1	V3C99_008910	Hc_chr4	36314430	36324347	-	2124	0.0	112.47153905639478	0.0	0.0	0.0	0.0	0.0	0.0
XGW29740.1	Hcon5G00000004701.1	V3C99_009075	Hc_chr4	38470097	38477843	-	2131	25.58500561758864	21.781912504422262	10.219409262063142	3.276221262443664	16.57478468814484	3.722494823278234	0.832376259268317	0.4387753193353935
XGW29895.1	Hcon5G00000004788.1	V3C99_009162	Hc_chr4	39577422	39585056	+	3866	4.460870895956735	5.524341591572367	0.963583580153642	0.4684230091137766	2.1712768925067083	1.29866942386497	0.4253940006402585	0.2454181139476424
XGW30050.1	Hcon5G00000004858.2	V3C99_009232	Hc_chr4	40656791	40669010	+	1263	90.8882577752064	38.86531561445067	1726.7458588680684	511.47035078558486	273.7027912828916	118.22193920963348	255.59342659315325	202.33102729478733
XGW30067.1	Hcon5G00000004868.1	V3C99_009242	Hc_chr4	40767759	40771757	+	1587	209.47028984466272	24.58170310343492	14.248186547358516	34.23670170026098	66.97520073625938	5.757778139032635	185.051033703736	26.95055885125841
XGW30084.1	Hcon5G00000004876.3	V3C99_009250	Hc_chr4	40837604	40840581	+	1593	3.101181531855777	1.0271373429807742	0.6124196175558589	0.6893395679023284	0.6843378471095892	0.1891019206275696	0.926876654574464	0.377525214135851
XGW30119.1	Hcon5G00000004894.5	V3C99_009268	Hc_chr4	41071446	41082143	-	1890	0.0	0.0911294785501739	0.0520107284408476	0.605638910696015	0.0	0.4781577135868546	0.192219835543438	0.881214073895115
XGW30325.1	Hcon5G00000004991.1	V3C99_009365	Hc_chr4	42261562	42268710	+	1614	98.28051966108916	6618.604447078518	1796.2257579582824	2186.893351542578	15515.660523421004	12955.656586566294	6904.419132930787	14405.142502075088
XGW30339.1	Hcon5G00000004999.1	V3C99_009373	Hc_chr4	42329802	42335278	-	1875	0.0	43.95429913014831	0.0	0.0	0.0	0.0	0.0	0.0
XGW30405.1	Hcon5G00000005035.1	V3C99_009409	Hc_chr4	42741104	42747945	-	4015	0.0	0.0	0.1375066891883238	0.0	0.0	0.0	0.0	0.0
XGW30407.1	Hcon5G00000005035.3	V3C99_009409	Hc_chr4	42741104	42748590	-	2267	0.0	0.0	0.070087450409489	0.0	0.0	0.0	0.0	0.0
XGW30527.1	Hcon5G00000005092.1	V3C99_009466	Hc_chr4	43525270	43528555	-	2427	3.997000977387688	0.0	25.82973726237367	0.0	7.1868162534524975	0.0413733497541159	0.3532834386966972	0.163169499405762
XGW30590.1	Hcon5G00000005130.1	V3C99_009504	Hc_chr4	44064616	44065949	-	988	3.5455852968274546	0.7844698533089366	0.7502748925424967	0.0573389520833	1.2137299691195682	1.1179598364227066	0.2576595222801237	0.0
XGW30826.1	Hcon5G00000005260.3	V3C99_009634	Hc_chr4	45589904	45593247	+	1395	0.0	0.0617328725662468	0.0	0.0	0.0	0.0	0.0	0.0
XGW30828.1	Hcon5G00000005262.2	V3C99_009636	Hc_chr4	45600632	45604907	+	951	6.517016928343209	2.626081345602016	3.7465058593197704	0.7530483324222544	0.0	0.2111737536345729	0.1093073080732406	0.0
XGW30829.1	Hcon5G00000005262.3	V3C99_009636	Hc_chr4	45600632	45605347	+	954	0.1883050192584812	0.9929674313721784	1.7163646955548364	1.0070408281252292	0.0	0.1052548426134585	0.406479053372375	0.0
XGW30974.1	Hcon5G00000005343.1	V3C99_009717	Hc_chr4	46487801	46493032	+	1677	7.6591971786763615	4.775738951927274	19.197371302750987	11.23971206054827	2.600238975421767	4.251241210244486	5.502496508917056	17.86986446532595
XGW31004.1	Hcon5G00000005358.1	V3C99_009732	Hc_chr4	46581722	46594388	+	2019	0.0444881100476946	0.4691881770822477	6.123776839834923	8.931333643092715	1.0798912238192924	0.8454794638459986	0.5124963845897677	1.8692446722985816
XGW31311.1	Hcon5G00000005530.1	V3C99_009904	Hc_chr4	48447353	48450267	-	807	26.601409058890496	825.638157234012	1134.8831168937124	277.09527276833234	0.0	368.92800540874225	1637.6230573114397	0.0
XGW31481.1	Hcon5G00000005625.1	V3C99_009999	Hc_chr4	49653320	49661089	+	837	2593.7700292506124	3319.2736697661503	2134.117323252378	3554.286734986645	1538.0625566274557	442.5615282420555	949.7273098041992	462.4890893487285
XGW31631.1	Hcon5G00000005704.1	V3C99_010078	Hc_chr4	50500951	50504547	-	1212	0.0	0.0	0.0	0.0	0.0	0.0	0.0	0.0
XGW31632.1	Hcon5G00000005704.2	V3C99_010078	Hc_chr4	50501088	50504547	-	1203	0.0	0.0	0.0	0.0	0.0	0.0	0.0	0.0
XGW31769.1	Hcon5G00000005784.1	V3C99_010158	Hc_chr4	51494214	51501168	+	1023	0.7902184239263537	1.2627178479459589	3.1090352693532717	4.810609604548451	0.4262561839474392	1.5704886780565313	0.256195047838444	0.4144567668745913
XGW31770.1	Hcon5G00000005784.2	V3C99_010158	Hc_chr4	51494880	51501168	+	1122	0.0800548076526698	0.0	0.0876116548602514	0.4501300920795633	0.0971613360468427	0.0894947592274861	0.0680662053510059	0.0
XGW31805.1	Hcon5G00000005808.1	V3C99_010182	Hc_chr4	51779977	51790526	-	3930	144.4457616431012	7.121664401964931	9.846399840553506	43.26484266062848	44.41044414512384	5.672191503160093	152.55274152909217	26.322034634461687
XGW31963.1	Hcon5G00000005898.1	V3C99_010272	Hc_chr4	52478717	52488070	+	2838	12.944676223465423	9.558480453637433	12.92174602690905	6.8311224165094995	7.528873760653026	3.3966383037036607	5.4940818281212245	3.631905552559328
XGW32119.1	Hcon5G00000005991.1	V3C99_010365	Hc_chr4	53667725	53677220	-	2090	0.0	0.0824089542869994	0.0	0.0	0.0	0.0	0.0253769035287556	0.0
XGW32124.1	Hcon5G00000005991.6	V3C99_010365	Hc_chr4	53667725	53692262	-	2281	3.5440308973110897	10.533425106157877	0.0	0.0	0.0	1.6728183053148182	0.5405596756289898	0.0
XGW32243.1	Hcon5G00000006063.1	V3C99_010437	Hc_chr4	54550088	54568061	+	3325	0.0	29.91445040618079	30.324053592210745	0.0	0.0	0.0	0.0	0.0
XGW07322.1	Hcon5G00000012642.1	V3C99_010484	Hc_chr2	981238	983663	+	861	155.4402164199539	118.1238082329023	94.4448319390622	200.6200191776087	203.08953605977976	63.909860255023496	122.20655480810926	76.27795875837641
XGW07502.1	Hcon5G00000012729.1	V3C99_010571	Hc_chr2	2546666	2553033	+	2353	88.8289914881044	107.60094783508217	382.72352971372993	31.102841588225324	297.62536436134206	187.46911836603527	17.714802036177357	66.75851444886426
XGW07703.1	Hcon5G00000012833.1	V3C99_010675	Hc_chr2	4289550	4296438	-	3090	144.23762270304155	9.559305349469462	9.442588285316216	28.99086048285316	42.68872914042546	3.7045617033233977	78.87704297167491	18.754850597477112
XGW07726.1	Hcon5G00000012844.1	V3C99_010686	Hc_chr2	4488672	4517332	+	5187	0.0	0.0	0.0	0.0079351442540066	0.0	0.0	0.0	0.0
XGW07727.1	Hcon5G00000012844.2	V3C99_010686	Hc_chr2	4488675	4517332	+	5184	0.0	0.0	0.0	0.0064067789012329	0.0	0.0	0.0	0.0
XGW07896.1	Hcon5G00000012921.1	V3C99_010763	Hc_chr2	5751152	5759813	+	2325	565.0061731073428	150.2701584007581	679.614761231951	326.15655523178856	278.562678771491	23.06262623726016	502.9405914520444	67.9479346995605
XGW08055.1	Hcon5G00000013011.1	V3C99_010853	Hc_chr2	6721162	6728708	+	2901	0.0	5.669912178874059	0.0	0.0	0.0	0.0	0.0	0.0
XGW08077.1	Hcon5G00000013020.2	V3C99_010862	Hc_chr2	6809192	6817961	+	3135	15.700854486153094	7.746441702977947	19.865075048687267	59.537223169910675	12.93575345600492	2.594405967499967	73.43580607421181	17.221139147211584
XGW08275.1	Hcon5G00000013122.1	V3C99_010964	Hc_chr2	8067737	8078498	+	1392	0.0	0.0	0.0	0.0	0.0	16.302704803758708	0.0	0.0
XGW08288.1	Hcon5G00000013129.1	V3C99_010971	Hc_chr2	8183415	8189356	+	1305	630.1270339276134	452.03363756698354	217.57195588420683	279.7520445447281	419.18572073991567	277.61726929539316	806.0417550886299	422.5319609355843
XGW08294.1	Hcon5G00000013135.1	V3C99_010977	Hc_chr2	8219160	8223491	+	618	136.04032129186504	12.680711177867654	21.90956304544105	43.49970072223746	18.87476866952696	8.286519599539181	27.36686677356943	7.970941999459974
XGW08372.1	Hcon5G00000013184.1	V3C99_011026	Hc_chr2	8580869	8585370	-	1773	150.56372291126357	60.37443600495408	28.797740921715043	101.32562716984518	79.99353625322583	18.40624024382562	163.40004752454408	76.83922956975469
XGW08574.1	Hcon5G00000013295.1	V3C99_011137	Hc_chr2	10207512	10210550	+	489	3248.635881756283	4998.328901634826	1789.6988704446069	1657.799110348996	2178.73983869624	639.2352599246103	299.7823458345288	166.54319488230158
XGW08670.1	Hcon5G00000013346.1	V3C99_011188	Hc_chr2	10906052	10922824	+	1764	25.459607195662	68.34710891263046	168.8281095695162	139.07341355786113	19.21976809685794	13.604725422292647	19.32610204870586	65.58977605527708
XGW08768.1	Hcon5G00000013400.1	V3C99_011242	Hc_chr2	11705121	11713372	+	1578	90.1060996811824	1960.616081015148	88.79443626599422	696.7549811513946	39.170795816390466	9.29044074687767	118.30771127130868	53.16773180117092
XGW09612.1	Hcon5G00000013852.1	V3C99_011694	Hc_chr2	18640096	18655361	-	2478	9.496865002747953	3.0929962846902264	11.74446889199811	2.9057066968173313	8.270711695067321	6.848190982726986	0.7881937481118385	0.4454331521601989
XGW09750.1	Hcon5G00000013924.1	V3C99_011766	Hc_chr2	19531540	19536337	+	1833	379.9650114132763	32.41733578212817	25.08886599293231	40.699084927980095	187.5201064088871	21.309712833011535	171.2772773123319	35.56313898211552
XGW09751.1	Hcon5G00000013925.1	V3C99_011767	Hc_chr2	19536922	19542391	+	1083	0.0	0.0	0.0	0.0	0.0	0.0	0.0	0.0
XGW09804.1	Hcon5G00000013948.3	V3C99_011790	Hc_chr2	19882185	19893640	+	1812	0.0	0.0	0.0	0.0	0.0	0.0	0.0	0.0
XGW09950.1	Hcon5G00000014041.1	V3C99_011883	Hc_chr2	20833241	20851414	+	6640	2.0967366865776818	9.999470244618072	3.2300792293299723	2.827705413965458	2.232837739466842	0.559530938941244	0.7063314375184078	0.0
XGW09984.1	Hcon5G00000014056.1	V3C99_011898	Hc_chr2	21286843	21292864	+	1874	16.008740159136984	56.20145565217999	131.61087024425822	19.215779977624013	113.145257226075	137.3312839828457	4.434919493967219	3.604932865105726
XGW10248.1	Hcon5G00000014204.1	V3C99_012046	Hc_chr2	24127851	24136715	-	927	452.2081050349959	1088.3115857049052	618.7693805510144	458.9343970911086	511.4415510515436	300.8060774891543	0.0	0.0
XGW10278.1	Hcon5G00000014221.1	V3C99_012063	Hc_chr2	24533956	24571620	-	1583	0.2269652411529893	0.1088027254957857	0.6881503983898706	0.1773720884180399	0.413196534597186	0.0634321666792415	0.0658896999823406	0.0
XGW10309.1	Hcon5G00000014238.1	V3C99_012080	Hc_chr2	24947962	24978825	-	2874	0.0	0.0	0.0	0.0132204723503572	0.0	0.0	0.0181460325455889	0.0
XGW10310.1	Hcon5G00000014238.2	V3C99_012080	Hc_chr2	24947962	24983670	-	3211	0.0	0.0	0.0153068011138589	0.0201010032522461	0.0	0.0	0.0412937779314072	0.0
XGW10620.1	Hcon5G00000014419.1	V3C99_012261	Hc_chr2	28151661	28154730	+	426	491.90973224560435	213.47401228823844	291.15400109211316	250.35359451322907	375.66677924274774	187.15496986730548	52.336529709165	45.767622950249894
XGW10839.1	Hcon5G00000014544.1	V3C99_012386	Hc_chr2	30124048	30127560	-	840	117.62338524395844	184.8447560542091	1507.0479576456742	741.5634071761561	639.1654390410073	394.1214954239649	240.43239382755735	368.372318716888
XGW10953.1	Hcon5G00000014605.1	V3C99_012447	Hc_chr2	31620925	31624067	-	744	0.0	1309.469976266158	0.0	703.6561567857389	2562.4390498000307	0.0	2466.076993132408	1777.563232346326
XGW11230.1	Hcon5G00000014760.1	V3C99_012602	Hc_chr2	34165974	34181165	-	6681	0.1075545507394648	0.0	1.6727499420179526	1.2005480421357022	0.0	0.0	0.0076206438560922	0.0
XGW11312.1	Hcon5G00000014805.1	V3C99_012647	Hc_chr2	34926013	34943299	-	3139	0.0	0.3840850593242439	0.0	1.449817918546723	0.0	7.965233145414664	0.0	3.356444325623816
XGW11331.1	Hcon5G00000014819.1	V3C99_012661	Hc_chr2	35103111	35145818	-	5256	3.24697182180292	1.196074405971033	0.8511993971597229	0.221229538570608	2.1570703920536505	0.7259700446010463	0.0694907959289285	0.0701591161838603
XGW11454.1	Hcon5G00000014879.1	V3C99_012721	Hc_chr2	36282835	36285369	+	558	0.3219408393774033	0.0	0.0	0.0	0.0	0.0	0.0	0.0
XGW11455.1	Hcon5G00000014879.2	V3C99_012721	Hc_chr2	36282891	36285369	+	573	0.0	0.0	0.0	0.0	0.0	0.0	0.0	0.0
XGW11492.1	Hcon5G00000014897.1	V3C99_012739	Hc_chr2	36605739	36606980	+	195	1277.7683326809424	251.72765959513436	234.98415547292788	159.69839341332184	1179.598411200085	711.1308641914036	11.939354953846186	13.707489376135166
XGW11551.1	Hcon5G00000014930.1	V3C99_012772	Hc_chr2	36894882	36899792	-	1692	0.0	0.0	72.97186926254162	0.0	29.830941972594655	66.05189266941815	33.842632920471125	0.0
XGW11553.1	Hcon5G00000014930.3	V3C99_012772	Hc_chr2	36905077	36910798	-	1692	0.0	0.0	97.3931194163302	0.0	114.04053410689536	94.06311759301688	22.006115274190737	0.0
XGW11557.1	Hcon5G00000014932.1	V3C99_012774	Hc_chr2	36933137	36935787	-	1207	45.394458536570234	46.661766054982614	333.66726879360243	249.92683818470232	268.6989906027827	453.31490478898246	275.3261281964967	638.8733590055268
XGW11611.1	Hcon5G00000014966.1	V3C99_012808	Hc_chr2	37312582	37318556	-	3462	42.67947947326867	4.751130915919598	10.411797429122297	29.886243283850927	8.596504967985043	1.8562795120182916	86.14321131481825	27.694276595899566
XGW11623.1	Hcon5G00000014973.1	V3C99_012815	Hc_chr2	37458755	37466186	+	1623	0.0	0.2122424084532702	13.601685303314149	0.0	0.0	0.0	0.0	0.0
XGW11830.1	Hcon5G00000015078.1	V3C99_012920	Hc_chr2	38639367	38645164	-	2342	0.8054019547020521	1.1031258398366488	6.864671650705286	2.6392365985081545	35.88837731996324	19.936849159588537	0.7942638927415081	1.0440251743490576
XGW11833.1	Hcon5G00000015080.1	V3C99_012922	Hc_chr2	38650516	38654811	-	1065	13.91600614153874	177.24811929387076	384.29745629576337	254.3157514854988	4.196822329414893	78.25623425182043	15.495355188558564	49.272109215424486
XGW12084.1	Hcon5G00000015221.1	V3C99_013063	Hc_chr2	40163963	40166357	-	935	310.676697538481	0.0	231.83527091026173	268.77815883052244	229.80599201799248	88.70720534628428	62.033055457658314	0.0
XGW12210.1	Hcon5G00000015297.2	V3C99_013139	Hc_chr2	40969569	40974960	-	1509	5.416670623560566	0.7418990351152334	0.3484525438114886	0.4909693153274616	41.8288244047706	0.998142344465601	56.748857220579374	1.9479586334241563
XGW12222.1	Hcon5G00000015307.1	V3C99_013149	Hc_chr2	41127223	41131459	-	831	35.23683165431088	32.12560859359021	162.5268308215792	331.0354824806062	920.0028021173072	725.2461436331447	171.31729784859462	153.01708857258362
XGW12359.1	Hcon5G00000015390.1	V3C99_013232	Hc_chr2	42018858	42028330	-	1970	0.0	0.0	5.141133047503471	0.0	0.0	0.0	0.0	0.0
XGW12425.1	Hcon5G00000015426.1	V3C99_013268	Hc_chr2	42403097	42408007	-	2795	0.7070028164932027	3.851402380586511	9.050767166102816	0.9332280027494362	50.27562058977986	2.910004546730732	2.609449451519436	0.7704936748000492
XGW12427.1	Hcon5G00000015427.1	V3C99_013269	Hc_chr2	42408014	42413938	-	1260	0.2138607004435608	0.2733884356505218	0.2431259247683451	0.0188568970093485	1.5573574149222509	2.7892533292566517	1.4579173292458665	0.162331632899952
XGW12584.1	Hcon5G00000015499.5	V3C99_013341	Hc_chr2	43234637	43242753	+	1755	0.0	0.0	0.0	0.0209865411638978	0.0	0.0	0.0	0.0
XGW12625.1	Hcon5G00000015517.1	V3C99_013359	Hc_chr2	43491744	43503169	+	5163	25.678195897534803	8.706810085999479	14.266317456817418	8.246046042456975	18.79205247911219	2.2171403570151655	13.455418546364342	5.705967507203543
XGW12642.1	Hcon5G00000015526.1	V3C99_013368	Hc_chr2	43604811	43613633	+	5550	0.0	0.0	0.0838246694209777	0.5771230564418853	0.0	0.0	0.0893484940561717	0.0
XGW12647.1	Hcon5G00000015528.1	V3C99_013370	Hc_chr2	43618767	43627353	+	2411	0.3352938397663457	0.4643407897092024	0.1066729684079277	0.3890931700110374	12.886470521650317	13.202388632715431	0.4673034228055129	0.99991914359473
XGW12649.1	Hcon5G00000015529.1	V3C99_013371	Hc_chr2	43629738	43635886	+	1518	100.1764095239778	216.9953171307131	304.65863796433473	188.6581936132885	75.26201578306743	25.46709561495204	79.26654235597216	81.96082089542604
XGW12713.1	Hcon5G00000015562.1	V3C99_013404	Hc_chr2	44187173	44197147	+	1755	5.118033856768975	23.40625606761775	12.293845941063458	15.176907905027033	100.0701969691067	123.29930101637098	422.48532877231906	933.1864111498184
XGW12902.1	Hcon5G00000015660.1	V3C99_013502	Hc_chr2	45470396	45473488	-	1152	450.2770216370283	13.904364969413262	168.34254384448818	32.59872093745151	66.99881378780103	9.762386652398282	14.255610067280848	0.0
XGW12914.1	Hcon5G00000015668.1	V3C99_013510	Hc_chr2	45522265	45523942	+	591	286.9424382804162	292.15787012855895	200.8557949374857	187.73379430984284	396.2170235325037	281.3606200963867	60.96396186142843	70.35812513793562
XGW13151.1	Hcon5G00000015791.1	V3C99_013633	Hc_chr2	46887271	46892451	+	1326	0.0	17.924879785412042	0.0	3.645919613620742	1.3976284492891995	0.0	0.0	0.0
XGW13161.1	Hcon5G00000015795.1	V3C99_013637	Hc_chr2	47034492	47041782	+	1857	132.8216602237843	187.35278578828976	700.25066532714	314.0081540051038	227.12929923715305	107.98330659500226	323.7726181401787	199.9534274237184
XGW13241.1	Hcon5G00000015843.2	V3C99_013685	Hc_chr2	47606254	47614915	-	1536	0.0584775352775361	0.0560659877798921	0.0319987880055996	0.2905173761061468	0.0	0.0	0.0515062351192126	0.0570697146913893
XGW13242.1	Hcon5G00000015843.3	V3C99_013685	Hc_chr2	47606254	47614918	-	1497	0.0	0.0	0.0328324237652645	0.0	0.0	0.0	0.0	0.0
XGW13243.1	Hcon5G00000015843.4	V3C99_013685	Hc_chr2	47614602	47614915	-	234	0.0	0.0	0.0	0.3970700977603926	0.0	0.0	0.0	0.0
XGW13244.1	Hcon5G00000015844.1	V3C99_013686	Hc_chr2	47623018	47633307	-	1536	4.034949934149995	0.5606598777989218	2.659324506928169	9.651643281701874	5.53591893585644	254.1707096285124	11.614208728824224	326.8706631948026
XGW01053.1	Hcon5G00000015917.1	V3C99_013759	Hc_chr5	368187	394196	-	1800	0.0	0.0	44.72959920754125	0.0	0.0	0.0	0.0	0.0
XGW01255.1	Hcon5G00000016030.2	V3C99_013872	Hc_chr5	2296709	2298234	-	414	1.0848006544238589	0.0	0.1918940218337098	0.3183266178006044	0.0	0.0	0.2562209100246348	0.0
XGW01298.1	Hcon5G00000016052.1	V3C99_013894	Hc_chr5	2479708	2485515	-	1696	0.0	3.0466046189828204	4.3683351533826045	0.0	0.0	0.0	0.0	0.0
XGW01376.1	Hcon5G00000016093.1	V3C99_013935	Hc_chr5	2898632	2901715	+	1104	0.0	0.0	0.0	0.0	0.0	0.0	0.0	0.1852697984184235
XGW01377.1	Hcon5G00000016093.2	V3C99_013935	Hc_chr5	2898660	2910292	+	1257	0.0	17.470108268598384	0.0	29.35309603003432	0.0	13.819784991734627	0.0	25.45550007646189
XGW02187.1	Hcon5G00000016483.2	V3C99_014325	Hc_chr5	7775779	7778239	+	1125	0.079841328165596	0.0	0.0706170000348052	0.0068101413625751	0.0	0.0892561065362128	0.0	0.0
XGW02416.1	Hcon5G00000016605.1	V3C99_014447	Hc_chr5	9298842	9302478	-	1519	20.99185677164905	10.148128337165684	5.589611707717264	1.3314238171429054	11.482819649196324	5.156170736374376	0.7373500048039516	0.637043046640318
XGW02651.1	Hcon5G00000016740.1	V3C99_014582	Hc_chr5	10751573	10774795	-	3150	2.5092988852044464	1.0388760554719834	6.039337126719391	0.8257821310025069	0.3806873680921058	0.7012979799273867	0.5876638070059791	1.9916102061867496
XGW02854.1	Hcon5G00000016847.1	V3C99_014689	Hc_chr5	12590315	12597393	-	1398	97.65999367894791	34.003420022112124	42.18304181105394	140.26613202537027	61.05776817731658	16.3763886455927	100.65405452612596	35.14036984320771
XGW03077.1	Hcon5G00000016956.1	V3C99_014798	Hc_chr5	14622715	14629612	+	2337	227.1865006996974	60.691179870632865	72.77895970937658	259.51517499598236	178.51967389110905	78.50011552069684	233.54018576534503	158.60603517111224
XGW03244.1	Hcon5G00000017040.17	V3C99_014882	Hc_chr5	15662687	15682696	-	3710	0.0968425813329331	0.0	0.0	0.0	0.6464502477035758	2.896011812478874	0.6309771225709924	0.0
XGW03280.1	Hcon5G00000017061.1	V3C99_014903	Hc_chr5	16090498	16095717	-	1488	0.3621834442995787	2.6622301294193966	0.0	0.0	0.0	0.0	0.0	0.0
XGW03284.1	Hcon5G00000017063.1	V3C99_014905	Hc_chr5	16118730	16124561	-	1254	58.949832308868594	436.90480597824194	0.0	0.0	0.0	0.0	0.0	0.0
XGW03316.1	Hcon5G00000017086.1	V3C99_014928	Hc_chr5	16404275	16451677	+	3057	0.0	0.0	0.0	0.0	0.0	0.0	0.0	0.0
XGW03317.1	Hcon5G00000017086.2	V3C99_014928	Hc_chr5	16404723	16412928	+	1800	0.0	1.2917603584487158	0.0	0.0	0.0	0.0	0.0	0.0
XGW03318.1	Hcon5G00000017086.3	V3C99_014928	Hc_chr5	16443707	16451677	+	1286	0.0	0.0	0.0	0.0	0.0	0.0	0.0	0.0
XGW03545.1	Hcon5G00000017199.1	V3C99_015041	Hc_chr5	18347993	18367095	+	1674	0.0	0.0	0.0	0.0	0.0	0.0	0.0931462813419819	0.0
XGW03567.1	Hcon5G00000017214.1	V3C99_015056	Hc_chr5	18666521	18705705	+	450	0.0	0.0	0.0	0.0	0.0	0.0	0.0	0.0
XGW03568.1	Hcon5G00000017214.2	V3C99_015056	Hc_chr5	18705374	18887239	+	2282	0.0	0.0	15.99273105248744	0.0	0.0	0.0	0.0	0.0
XGW03569.1	Hcon5G00000017214.3	V3C99_015056	Hc_chr5	18715520	18744159	+	2820	0.0	0.0	1.1775089286924336	0.0	0.0	0.0	0.0	0.0
XGW03571.1	Hcon5G00000017214.5	V3C99_015056	Hc_chr5	18729403	18887755	+	2723	0.0	0.0	23.67821962168629	0.0	0.0	0.0	0.0	0.0
XGW03614.1	Hcon5G00000017239.1	V3C99_015081	Hc_chr5	19371608	19381771	+	2627	8.376957013948383	11.244101077221409	15.976610008714694	9.256898815417514	13.943298971820075	6.574441041019105	2.4592108196225224	0.9785314959445568
XGW03764.1	Hcon5G00000017311.1	V3C99_015153	Hc_chr5	21083789	21096174	-	1655	0.0542728061548613	3.330218043936266	0.3474108924399621	0.0358060525737635	0.3952206128503598	0.1820177399152377	0.0467869400544423	0.0882770209123606
XGW03779.1	Hcon5G00000017319.1	V3C99_015161	Hc_chr5	21237747	21240092	+	960	67.36612063972164	20.72198908344815	34.26378775661853	60.49656667428503	80.17146192235172	11.401072983336563	173.48491805867835	32.93267641177183
XGW03780.1	Hcon5G00000017320.1	V3C99_015162	Hc_chr5	21241849	21265468	+	1359	0.0	0.0633681804487964	0.2893312045716029	0.199056768912749	0.0	0.0738875054107722	0.0	0.0
XGW03781.1	Hcon5G00000017320.2	V3C99_015162	Hc_chr5	21241849	21273741	+	1359	0.0	0.0	0.5954951316575673	3.204609300978463	6.417366831173368	0.0738875054107722	0.0	0.1868784172539812
XGW03910.1	Hcon5G00000017385.3	V3C99_015227	Hc_chr5	22743501	22754234	-	1773	0.0	0.0	0.0	0.0086423113738263	0.0	0.0	0.0	0.0
XGW03911.1	Hcon5G00000017385.4	V3C99_015227	Hc_chr5	22743665	22754234	-	1794	0.2002708900474816	0.0	0.2319268544647857	0.1421381841890098	0.0	0.0	0.0290700655161775	0.0
XGW03933.1	Hcon5G00000017394.1	V3C99_015236	Hc_chr5	23122963	23132546	-	2523	0.0	5.973261004849393	0.0	10.666114740950896	33.52978786309024	0.0	0.0	0.0
XGW04058.1	Hcon5G00000017466.1	V3C99_015308	Hc_chr5	24253328	24269765	+	807	35.06043453368412	39.48379451681329	47.49120844691335	125.31765509954732	116.98513815686104	23.76568264184478	41.697111281413015	24.239322431956328
XGW04199.1	Hcon5G00000017550.1	V3C99_015392	Hc_chr5	25625205	25668002	-	1137	0.0	0.0	0.0	0.0	0.0	0.1766281791613711	0.0	0.0
XGW04200.1	Hcon5G00000017550.2	V3C99_015392	Hc_chr5	25625290	25648950	-	837	0.2146272262516022	0.2057762418874895	0.0	0.394434001766535	0.3907348352851526	5.278586945690008	2.9968044730434684	30.76297176062927
XGW04201.1	Hcon5G00000017550.3	V3C99_015392	Hc_chr5	25652690	25668002	-	1277	0.8440547613434193	1.1464331032956494	2.425763631109378	0.1385213451021499	4.5245074466417785	1.4153767872813707	0.0	0.0
XGW04406.1	Hcon5G00000017679.1	V3C99_015521	Hc_chr5	27790244	27790904	-	225	965.2816575220558	1858.9866847364185	1997.841289141306	1175.710006941673	1269.4193328744038	482.87553636091167	49.241231457864735	21.281057378826784
XGW04449.1	Hcon5G00000017707.1	V3C99_015549	Hc_chr5	28316252	28324223	-	1809	0.0	115.5372172454407	0.0	0.0	0.0	0.0	0.0	0.0
XGW04453.1	Hcon5G00000017710.1	V3C99_015552	Hc_chr5	28358481	28367747	+	1086	79.64834152983663	25.295982464403952	56.738453856191455	269.876742764072	115.74062335025312	31.991656969816628	79.42066049683747	99.10305237066645
XGW04970.1	Hcon5G00000017998.1	V3C99_015840	Hc_chr5	32618812	32625896	-	2185	4.932988239064284	55.76936406422374	35.02868353456928	8.578408018138193	0.0	0.0459556612600638	0.8077550738289255	3.2776267776756582
XGW04992.1	Hcon5G00000018011.1	V3C99_015853	Hc_chr5	32768636	32769497	+	207	0.4339202617695436	0.0	0.0	0.5190645246480569	0.0	0.0	0.0	0.0
XGW05089.1	Hcon5G00000018059.1	V3C99_015901	Hc_chr5	33535641	33539194	+	1339	0.0	0.0	4.222649792464775	0.0	0.0	0.0	0.0	0.0
XGW05091.1	Hcon5G00000018060.1	V3C99_015902	Hc_chr5	33544551	33549114	+	1416	0.0	0.0	27.769129419731932	0.0	0.0	0.0	0.0	0.0
XGW05500.1	Hcon5G00000018271.1	V3C99_016113	Hc_chr5	36446225	36465733	+	2841	0.0	44.10445433633419	0.0	0.0	41.019730854851126	33.365007089566376	0.0	0.0
XGW05773.1	Hcon5G00000018426.1	V3C99_016268	Hc_chr5	38214767	38221649	+	1371	26.59921709674397	10.929555184540558	13.323531934793737	9.127458231927108	20.196801486008475	0.0	0.0	0.0
XGW06062.1	Hcon5G00000018577.2	V3C99_016419	Hc_chr5	40392975	40399881	+	3216	0.2234365527022276	0.0	0.0247027751987425	0.1129624585580863	0.0338977049267902	0.0	0.0158313189062663	0.0
XGW06271.1	Hcon5G00000018679.1	V3C99_016521	Hc_chr5	42064050	42067759	+	534	0.0	0.0	9.440918991936524	0.0	0.2041479757388718	0.0	0.1961543267632651	0.0
XGW06274.1	Hcon5G00000018679.4	V3C99_016521	Hc_chr5	42069037	42071882	+	486	0.184817889272213	0.0	0.0	0.0	0.0	0.0	0.0	0.0
XGW06276.1	Hcon5G00000018679.6	V3C99_016521	Hc_chr5	42083616	42110987	+	1350	0.0	0.0	0.0588475000290043	0.0	0.0	0.0	0.3103597347898773	0.0676944230868007
XGW06574.1	Hcon5G00000018847.1	V3C99_016689	Hc_chr5	44264085	44277822	+	1743	0.1545980967061885	0.04940754861154	0.0845957631266799	0.0413342243841649	0.1876334234846085	0.0576093630827535	0.0748537660156061	0.0
XGW06713.1	Hcon5G00000018934.1	V3C99_016776	Hc_chr5	45574267	45580568	+	2960	0.0	0.0	0.0	0.0	0.0	0.4070802156212411	0.0	0.0
XGW07157.1	Hcon5G00000019166.1	V3C99_017008	Hc_chr5	48104764	48108476	+	1467	38.879787872050215	16.847772000671732	72.39810098679469	100.64396039059284	44.4382967884427	7.4608248561711665	49.44462792615983	14.38523332578277
XGW07230.1	Hcon5G00000019220.1	V3C99_017062	Hc_chr5	48969573	49096888	-	7607	9.044730451781565	4.335867992514422	3.2653748324355054	380.9436492192228	11.636676148834068	3.10202223813741	74.25838977651775	60.415830269003095
XGW32269.1	Hcon5G00000000010.2	V3C99_017086	Hc_chrX	249520	263468	-	3072	0.0	0.0	0.0	0.0049878965057923	0.0	0.0	0.0	0.0
XGW32752.1	Hcon5G00000000274.1	V3C99_017350	Hc_chrX	4204646	4210177	-	1593	0.0	0.0	191.5991982545255	209.72749250825208	204.8223176399001	47.33851413043493	130.68738506271418	61.35923380677237
XGW32840.1	Hcon5G00000000319.1	V3C99_017395	Hc_chrX	4725604	4745066	+	3655	0.0	0.0	0.0	0.179009534418934	0.0	0.0	0.0	0.0
XGW32842.1	Hcon5G00000000319.3	V3C99_017395	Hc_chrX	4728593	4745066	+	3384	0.0265429947359029	0.0763451748492148	0.3531503174260948	1.2316049390495492	0.0322148401431907	0.1483645387902474	0.382016960232734	0.1098760564095718
XGW32870.1	Hcon5G00000000332.1	V3C99_017408	Hc_chrX	4994406	5009889	+	8007	0.0673072268162574	0.0	0.0061383962003997	0.1819062676688733	0.0136149642868187	0.0	0.6091142641739588	0.0599404355467155
XGW32884.1	Hcon5G00000000340.1	V3C99_017416	Hc_chrX	5076507	5088220	-	2756	8.180404586632866	18.904572251124165	81.20229759389251	28.38180556765615	20.2524273406435	6.048105187096427	11.838803224487531	2.9568250716822164
XGW32966.1	Hcon5G00000000387.1	V3C99_017463	Hc_chrX	5707333	5719229	-	3763	0.0	0.0	97.96999768974852	37.183346030382864	0.0	0.0	8.023290163955686	10.497445765955137
XGW33411.1	Hcon5G00000000583.1	V3C99_017659	Hc_chrX	8604230	8615510	+	3899	0.6911117788122251	0.2429574069066576	0.710050223601319	1.2393257559780797	0.0	0.0	1.233768427735768	0.0
XGW33416.1	Hcon5G00000000586.1	V3C99_017662	Hc_chrX	8638535	8649959	-	3029	1.957153719476891	76.47926409655652	9.838795961370696	8.8463718518441	31.311675988367476	16.17748513977579	48.88847810102851	28.812422189006497
XGW33618.1	Hcon5G00000000694.1	V3C99_017770	Hc_chrX	10337736	10363382	-	8996	5.781085497317152	2.0007256181694206	5.6195996882731105	2.4506188667668907	2.2782151601130307	0.4688029161667472	1.0919336395666228	0.116984193634079
XGW34593.1	Hcon5G00000001422.1	V3C99_018498	Hc_chrX	22494657	22567172	-	1338	42.35976295332771	82.51304332492545	89.12103396995145	4090.2832131519754	58.17393392960695	27.016982920154113	1005.3690058847392	1873.9816236783397
XGW34663.1	Hcon5G00000001483.1	V3C99_018559	Hc_chrX	23516736	23548717	+	3459	0.0	0.0	0.0	0.0161402713241122	0.0	0.0	0.0075385512483409	0.0
XGW34847.1	Hcon5G00000001615.1	V3C99_018691	Hc_chrX	25377712	25447965	-	4185	1.352151525385094	0.3703972353974812	0.8368791156243709	2.284405504416152	0.5730777584182238	0.215942193232773	1.691503527573048	0.6265729613845711
XGW34849.1	Hcon5G00000001615.3	V3C99_018691	Hc_chrX	25377991	25448007	-	4254	0.0422291933174873	0.0	0.0	0.0968689902400613	0.0256264736823125	0.0	0.1916049396865471	0.014321810244034
XGW35324.1	Hcon5G00000001863.1	V3C99_018939	Hc_chrX	30044399	30049377	-	1924	3.314618548454773	1.0742289883149403	2.6125852953030297	2.5357332040689897	2.946351866069124	1.7222624507052509	3.447715195566546	2.612333265126262
XGW35343.1	Hcon5G00000001873.1	V3C99_018949	Hc_chrX	30221400	30223448	-	978	448.8319448756915	42.35424215499879	30.069418343945426	279.1486105582218	49.26854643936038	8.111080233543882	75.24948000394126	53.55344127441885
XGW35380.1	Hcon5G00000001890.2	V3C99_018966	Hc_chrX	30568394	30570854	-	1296	0.0	0.0	0.0	0.0	0.0	0.0	0.0409241731289347	0.0
XGW35381.1	Hcon5G00000001891.1	V3C99_018967	Hc_chrX	30573514	30579541	-	1386	254.6238460735607	458.36056586225	2574.1047821824222	1625.691099862269	1164.3999581065157	556.9812881902633	844.5595265370251	977.8183053977756
XGW35494.1	Hcon5G00000001962.2	V3C99_019038	Hc_chrX	31461689	31466216	-	1347	0.0666826237463218	0.0	0.0	0.0	0.0	0.0	0.0	0.0
XGW35495.1	Hcon5G00000001962.3	V3C99_019038	Hc_chrX	31465980	31468262	-	666	201.6263270398075	94.0049830422639	173.28397756819538	142.65785366913613	272.3738613966123	52.61888713030116	77.89575600212078	31.84867664683004
XGW35549.1	Hcon5G00000001992.1	V3C99_019068	Hc_chrX	31893893	31905371	+	1560	0.1727336426659529	0.0	0.0315064989593596	0.0151929450671179	0.0	0.0	0.0	0.0
XGW35572.1	Hcon5G00000002001.1	V3C99_019077	Hc_chrX	32073649	32087098	-	5062	23.156272207253192	4.88259216218598	6.491963954976457	4.206233705977268	10.186508101160754	1.368728816648266	2.2977945443192027	0.4647300493709815
XGW35587.1	Hcon5G00000002007.1	V3C99_019083	Hc_chrX	32140722	32145674	+	2756	0.0	130.26968878501924	0.0	0.0	211.66159902301436	97.97201715724272	9.507299098894292	5.373914315351915
XGW35658.1	Hcon5G00000002039.5	V3C99_019115	Hc_chrX	32515607	32528434	-	3045	1.6518895482537108	0.2262524984693974	0.3986590561195241	0.7279580545271342	2.1838805128794787	1.121197397376073	7.479723392961052	9.717267653780976
XGW35659.1	Hcon5G00000002039.6	V3C99_019115	Hc_chrX	32522807	32528422	-	3138	31.08545018684415	14.325449481840442	5.911416595893343	11.199886529396837	18.794494997802943	6.1118246947000445	15.886822112540797	17.006029865850717
XGW35798.1	Hcon5G00000002110.1	V3C99_019186	Hc_chrX	33453953	33459648	-	1941	137.06917350840152	464.838511951475	840.9206715970424	1258.4871548501542	1353.167879361425	908.0118906048734	1982.6058115338496	2163.9151650802523
XGW35872.1	Hcon5G00000002153.1	V3C99_019229	Hc_chrX	34147783	34179185	+	4257	0.0	0.1618367060933322	0.0	0.0	0.0	0.0	0.0	0.0
XGW35873.1	Hcon5G00000002153.2	V3C99_019229	Hc_chrX	34154396	34179185	+	2899	0.0	0.0	0.0	0.0	0.0	0.0	0.0	0.0
