stage,nRxns,effectiveDim,nBlockedRemoved,numSkip,growthFloorMu,objTolUsed,nChains,samplesPerChain,maxRhat,minESSbulk,minESStail,maxHellingerOverall,maxKSOverall,nConstantRxns,totalRuntimeSec,maxSvViolation,maxBoundViolation,nBadPoints,pass,solver,cobraCommit,toRound,fractionOfOptimum,seedBase
egg_c,814,18,1,2592,0.0106703209037391,0.0001,4,1000,1.00123284754046,3674.35970380459,3375.71506591522,0.0839976502109499,0.092,390,103.42623275,2.10804442752718e-05,2.01001344157096e-06,1000,0,gurobi,"git: '.' is not a git command. See 'git --help'.

The most similar commands are
	am
	gc
	mv
	p4
	rm",1,0.1,20260806
L1_c,882,44,1,15488,0.0093153937342561,0.001,4,1000,1.00181033016779,3460.7327687483,3105.00741831468,0.0901897732010294,0.0790000000000001,478,411.77899175,0.0002826990583932,0.0002678136366259,1000,0,gurobi,"git: '.' is not a git command. See 'git --help'.

The most similar commands are
	am
	gc
	mv
	p4
	rm",1,0.1,20260806
L2_c,619,43,1,14792,0.0133269460412913,0.0001,4,1000,1.00215482623834,3362.96527241774,3414.67669893692,0.0856894219484574,0.0840000000000001,131,407.25409375,3.78474216845485e-06,0.0,1000,0,gurobi,"git: '.' is not a git command. See 'git --help'.

The most similar commands are
	am
	gc
	mv
	p4
	rm",1,0.1,20260806
L3_c,796,14,1,1568,0.0095289263989974,0.0001,4,1000,1.0012270130935,3609.74640150633,3326.96972500619,0.0878173760991529,0.075,549,73.0726690416667,3.48368392461894e-05,0.0002452010747685,1000,0,gurobi,"git: '.' is not a git command. See 'git --help'.

The most similar commands are
	am
	gc
	mv
	p4
	rm",1,0.1,20260806
L4f_c,553,20,1,3200,0.0093153937342561,0.0001,4,1000,1.00093529151224,3512.77310794607,3430.55404602136,0.0867569518184999,0.073,148,107.112926166667,3.77821648461133e-06,0.0,1000,0,gurobi,"git: '.' is not a git command. See 'git --help'.

The most similar commands are
	am
	gc
	mv
	p4
	rm",1,0.1,20260806
L4m_c,569,15,1,1800,0.0048701037587452,0.0001,4,1000,1.00136916399358,3558.63936200228,3293.28351468653,0.0893968073484805,0.094,259,82.892333125,2.03161483955712e-06,0.0,1000,0,gurobi,"git: '.' is not a git command. See 'git --help'.

The most similar commands are
	am
	gc
	mv
	p4
	rm",1,0.1,20260806
Am_c,550,19,1,2888,0.0135867215645908,0.0001,4,1000,1.00118784108978,3347.3621877897,3459.06157718947,0.0889240769755146,0.0830000000000001,131,102.943191666667,4.01135334372461e-06,1.06833530292378e-07,1000,0,gurobi,"git: '.' is not a git command. See 'git --help'.

The most similar commands are
	am
	gc
	mv
	p4
	rm",1,0.1,20260806
Af_c,784,17,1,2312,0.0093153937342561,0.0001,4,1000,1.00103365193184,3720.49374440304,3486.00580990243,0.0929260150612995,0.0790000000000001,370,73.5005580416667,2.1173614381493e-05,3.22824178171386e-06,1000,0,gurobi,"git: '.' is not a git command. See 'git --help'.

The most similar commands are
	am
	gc
	mv
	p4
	rm",1,0.1,20260806
L4mf_union_c,652,49,1,19208,0.0093153937342561,0.0001,4,1000,1.00142115633783,3537.802645538,3116.20140595486,0.0965290379987226,0.075,135,508.95267425,3.77821622244226e-06,0.0,1000,0,gurobi,"git: '.' is not a git command. See 'git --help'.

The most similar commands are
	am
	gc
	mv
	p4
	rm",1,0.1,20260806
