V3C99_000006	0.3854630320661784
V3C99_000022	0.8152621368327967
V3C99_000041	0.8312344358711877
V3C99_000078	2.717206195290613
V3C99_000085	43.04447718439943
V3C99_000087	609.6863471914983
V3C99_000116	3.142001142735003
V3C99_000121	21.71579535700085
V3C99_000123	670.4229259662396
V3C99_000124	0.0
V3C99_000132	1.3905606976760567
V3C99_000152	0.0
V3C99_000153	12.51394736909741
V3C99_000156	0.0
V3C99_000162	0.3227774162436102
V3C99_000186	15.62290922924363
V3C99_000194	0.3139545175192479
V3C99_000226	7.515213012780009
V3C99_000296	0.0
V3C99_000296	0.0
V3C99_000306	1.3353795030353235
V3C99_000311	404.13181570563046
V3C99_000312	522.5539328120099
V3C99_000313	4.053586153244961
V3C99_000351	4.8039558120114565
V3C99_000358	0.0
V3C99_000381	1565.7313524656763
V3C99_000399	0.0
V3C99_000456	0.0154434204634327
V3C99_000456	0.0
V3C99_000456	0.0757834866816901
V3C99_000456	0.0
V3C99_000500	0.0
V3C99_000507	43.60603678105056
V3C99_000580	0.2856703267517481
V3C99_000580	49.12056112621032
V3C99_000580	20.71482981567164
V3C99_000596	3.0884755543757074
V3C99_000621	0.1963110847570664
V3C99_000626	0.2804835750090488
V3C99_000669	4.718127885207684
V3C99_000675	0.3263055593458299
V3C99_000685	6.040743873123373
V3C99_000700	0.0
V3C99_000727	8.660529458456782
V3C99_000731	0.1482268745197545
V3C99_000734	5.023478171409956
V3C99_000734	0.0
V3C99_000751	42.57146095160383
V3C99_000755	0.4060611432540013
V3C99_000755	0.0
V3C99_000755	0.0
V3C99_000756	0.4018821263422963
V3C99_000756	0.236127265968817
V3C99_000756	0.0
V3C99_000756	0.2431310408068752
V3C99_000765	17.9751881218762
V3C99_000785	5.639074495689224
V3C99_000787	0.5724510590233917
V3C99_000789	0.2078946580812411
V3C99_000789	5.880047558973483
V3C99_000818	0.8936442705385389
V3C99_000883	1820.125727449654
V3C99_000888	29.960091704463057
V3C99_000895	0.0
V3C99_000952	0.917014793180269
V3C99_000981	0.0179373204453803
V3C99_000989	0.0
V3C99_000993	0.0
V3C99_000999	11.352750392763914
V3C99_001006	4.4758384195265055
V3C99_001014	1.4025959598547737
V3C99_001028	4.4486825251435205
V3C99_001032	18.8274599724824
V3C99_001033	465.6193557639104
V3C99_001060	2.825568681296533
V3C99_001117	0.0
V3C99_001117	0.416651949598504
V3C99_001118	1.6418347356159555
V3C99_001129	0.0
V3C99_001130	4.694757759820093
V3C99_001141	0.1187618212338728
V3C99_001163	0.0181578878577286
V3C99_001174	0.0
V3C99_001177	32.939753602649986
V3C99_001182	0.5850340669415436
V3C99_001197	0.0
V3C99_001230	2.34688427035952
V3C99_001231	22.16044430153642
V3C99_001231	0.1511487002306665
V3C99_001242	6.4551291334225365
V3C99_001244	31.33339370210329
V3C99_001264	3.8024603590988297
V3C99_001270	3.2391328984915955
V3C99_001274	113.9999466375051
V3C99_001284	61.31686325966358
V3C99_001285	0.4987406615227126
V3C99_001303	1.657262663680211
V3C99_001315	0.0
V3C99_001316	22.484718075621075
V3C99_001327	7.484844536371493
V3C99_001342	0.0
V3C99_001342	0.0501814691920237
V3C99_001347	2.692040746735642
V3C99_001347	0.2736052312077369
V3C99_001358	19.85665914397394
V3C99_001377	0.1035613859872519
V3C99_001377	0.0
V3C99_001377	1.6784887291101973
V3C99_001399	0.0
V3C99_001401	0.0
V3C99_001404	102.3999852384634
V3C99_001405	3799.10607307983
V3C99_001429	0.0
V3C99_001435	282.2653305428642
V3C99_001447	0.0
V3C99_001447	3.042821813734529
V3C99_001452	0.0
V3C99_001454	766.5375285766236
V3C99_001456	0.0
V3C99_001484	0.0
V3C99_001526	2.563097653911518
V3C99_001528	324.08698248284685
V3C99_001529	24.99255346063616
V3C99_001552	0.0
V3C99_001557	0.0914509288280869
V3C99_001557	0.0
V3C99_001557	0.3794902488784561
V3C99_001590	0.2297783063003191
V3C99_001590	0.0655010566557335
V3C99_001590	0.0
V3C99_001595	0.0
V3C99_001596	21.06916566608337
V3C99_001632	10.758548555704229
V3C99_001635	48.110022259354295
V3C99_001636	0.0
V3C99_001636	0.3891981389660444
V3C99_001680	0.0243425745098762
V3C99_001680	0.0601546322319841
V3C99_001682	0.2853152046975371
V3C99_001682	0.0545328312019765
V3C99_001710	16.536287594878722
V3C99_001712	0.0
V3C99_001712	0.0
V3C99_001712	2.4690685611641645
V3C99_001739	26.305153349087124
V3C99_001740	75.96766041305945
V3C99_001743	0.0
V3C99_001743	0.0312570022889461
V3C99_001756	19.524773304796565
V3C99_001757	0.3369567780310049
V3C99_001770	0.0
V3C99_001770	10.952765933648546
V3C99_001773	0.0
V3C99_001794	0.0
V3C99_001796	1.2146748369343483
V3C99_001796	0.0
V3C99_001796	0.0
V3C99_001800	3.9669380682761264
V3C99_001827	0.1928055296721187
V3C99_001850	5.744699975785121
V3C99_001866	0.2705094823632529
V3C99_001866	0.0
V3C99_001866	0.0817696415742992
V3C99_001868	0.0
V3C99_001869	18.464759342539654
V3C99_001885	0.0724481384222507
V3C99_001889	4.941797521573042
V3C99_001890	0.1425647702601601
V3C99_001891	2.9495552447311724
V3C99_001896	382.5261708694837
V3C99_001897	2.6465473449691026
V3C99_001898	0.0
V3C99_001898	0.0
V3C99_001898	0.0
V3C99_001902	5.835411570418522
V3C99_001910	8.23654059109805
V3C99_001939	0.0
V3C99_001940	0.0
V3C99_001953	11.151649368316498
V3C99_001956	4.667444013278718
V3C99_001972	0.0
V3C99_001973	169.3240844584038
V3C99_001984	0.9539408989620072
V3C99_001984	0.0
V3C99_001984	0.2314999881342696
V3C99_001992	0.0272269847758241
V3C99_001992	0.0317863627265715
V3C99_002018	3.22268391972615
V3C99_002020	7.809909321918626
V3C99_002024	3.3890638330408698
V3C99_002064	3.083848624706231
V3C99_002102	0.0
V3C99_002102	0.0
V3C99_002103	798.5495105268552
V3C99_002104	10.789488172465733
V3C99_002105	2.6549266816720536
V3C99_002105	0.0
V3C99_002108	18.219793105998697
V3C99_002109	0.0
V3C99_002110	0.0
V3C99_002110	0.0
V3C99_002110	0.5657714663806596
V3C99_002110	0.0
V3C99_002119	254.3210103027795
V3C99_002188	0.2254574680959629
V3C99_002224	74.94602423828742
V3C99_002259	49.7870065010491
V3C99_002273	0.6748193538524159
V3C99_002294	0.0
V3C99_002295	0.0
V3C99_002301	0.0
V3C99_002302	16.644069046711824
V3C99_002320	31.586908563105126
V3C99_002346	3.6443829276920794
V3C99_002357	0.0
V3C99_002357	0.0
V3C99_002367	179.10124793698924
V3C99_002372	1.073937110729834
V3C99_002383	4532.410693762674
V3C99_002403	1.934403359694631
V3C99_002428	853.5927591407662
V3C99_002432	0.0
V3C99_002443	3.477429272341688
V3C99_002445	3.743471573476033
V3C99_002448	0.0758980497756912
V3C99_002456	7.254745598881697
V3C99_002457	50.25142727239866
V3C99_002457	46.16849880651626
V3C99_002461	71.02207122802491
V3C99_002467	5.891203220089162
V3C99_002470	0.0
V3C99_002470	0.0
V3C99_002470	0.0
V3C99_002471	0.7670446655455793
V3C99_002471	0.1777223360234327
V3C99_002471	0.1208340792457755
V3C99_002491	496.9942295766398
V3C99_002506	11.39880617529034
V3C99_002532	0.0
V3C99_002542	24.370618950555816
V3C99_002548	3.360352697499557
V3C99_002548	4.7014116635436185
V3C99_002559	14.833756341955832
V3C99_002562	3.270159075680213
V3C99_002578	758.6563206623905
V3C99_002586	0.0
V3C99_002586	0.0
V3C99_002592	0.027525526275559
V3C99_002598	94.83461319472616
V3C99_002654	0.2324377774380543
V3C99_002661	0.0
V3C99_002661	0.0
V3C99_002683	0.0
V3C99_002685	6.368983310529359
V3C99_002695	0.3178258986452683
V3C99_002728	17.120244572678757
V3C99_002738	45.73523779575029
V3C99_002756	0.7207149242618546
V3C99_002761	105.9732761609024
V3C99_002766	0.0396968254015574
V3C99_002767	1.056394948622121
V3C99_002767	0.3362797047998642
V3C99_002769	5.498813706248828
V3C99_002776	1586.1468241026307
V3C99_002790	0.1646116718905565
V3C99_002801	16.526325975845662
V3C99_002802	0.0
V3C99_002802	0.0
V3C99_002815	0.0
V3C99_002824	2.1517097111408456
V3C99_002827	0.0609672858853913
V3C99_002827	0.0
V3C99_002838	0.0
V3C99_002839	0.064120766189808
V3C99_002842	1.3478271121240195
V3C99_002878	105.10943647893907
V3C99_002881	0.0
V3C99_002895	363.2444610690938
V3C99_002919	0.0454975622352693
V3C99_002924	424.0302604088226
V3C99_002931	68.918229862371
V3C99_002944	0.0
V3C99_002979	45.15247222542848
V3C99_002996	40.93615527544602
V3C99_003014	30.89634457022753
V3C99_003031	54.48288826031293
V3C99_003031	3.066049461167617
V3C99_003049	50.30558667203713
V3C99_003055	14.252429956459048
V3C99_003056	37.87512415516928
V3C99_003065	4.225213605240592
V3C99_003090	0.0
V3C99_003103	38.65108184827075
V3C99_003135	149.36101950314728
V3C99_003138	62.38290170284312
V3C99_003146	40.22072480309316
V3C99_003155	0.0
V3C99_003155	6.237385397707787
V3C99_003178	0.0
V3C99_003178	10.900108405121388
V3C99_003194	2.289342821226485
V3C99_003195	0.0
V3C99_003195	0.639574011804073
V3C99_003218	8.642976726346015
V3C99_003223	0.0
V3C99_003228	0.0
V3C99_003228	0.027219604189005
V3C99_003238	20.663526316906303
V3C99_003240	14.527361089878395
V3C99_003241	0.160532565712613
V3C99_003243	3.712456895982445
V3C99_003243	2.732003738250429
V3C99_003269	1.6439607048663962
V3C99_003269	0.0
V3C99_003274	0.0
V3C99_003299	0.055785066585133
V3C99_003299	0.0
V3C99_003304	8.869763991452878
V3C99_003307	18.561213063780627
V3C99_003314	1.0459699984712445
V3C99_003315	42.40897879621164
V3C99_003357	2.8186138906172484
V3C99_003364	42.22604034069828
V3C99_003365	1.0173568374188395
V3C99_003365	1.177373264610848
V3C99_003365	5.466036766204568
V3C99_003365	6.0058922492865
V3C99_003376	18.07739979203555
V3C99_003379	1.2749476688896428
V3C99_003394	0.0
V3C99_003425	0.0
V3C99_003430	195.30804122805765
V3C99_003469	892.0759778266056
V3C99_003472	0.2789253329256652
V3C99_003476	1.444181926823241
V3C99_003484	0.675273166464287
V3C99_003487	12.60792536273859
V3C99_003492	82.1086448799927
V3C99_003511	0.0
V3C99_003520	1.071930823093029
V3C99_003520	0.0
V3C99_003539	0.1079324111643562
V3C99_003577	87.85072439602185
V3C99_003597	8.320837969146945
V3C99_003601	57.79698701935095
V3C99_003607	16.19025240741455
V3C99_003608	0.0
V3C99_003627	4054.449062572004
V3C99_003640	16.584943317662304
V3C99_003658	118.28285902490865
V3C99_003659	3.8678933853877138
V3C99_003714	0.0
V3C99_003714	0.2324377774380543
V3C99_003715	0.0
V3C99_003719	6.9841146354615375
V3C99_003720	0.0
V3C99_003736	18.1584364344011
V3C99_003774	68.93349189009575
V3C99_003816	6.117121094507692
V3C99_003825	14.65800715099013
V3C99_003835	490.7162236506013
V3C99_003864	50.50527172481015
V3C99_003883	8.26931575261972
V3C99_003886	378.98612604257744
V3C99_003895	0.0
V3C99_003914	66.07719514890177
V3C99_003939	0.1357851519313583
V3C99_003965	4.6230718164474895
V3C99_003984	0.0405354719181482
V3C99_003985	0.0
V3C99_004001	175.78147554727937
V3C99_004030	0.0885477247383064
V3C99_004038	1.724585654682346
V3C99_004043	0.0
V3C99_004043	0.0
V3C99_004044	3.6862378800748714
V3C99_004060	24.954739845183774
V3C99_004062	0.0
V3C99_004062	0.1968884703004695
V3C99_004065	0.0
V3C99_004067	0.0953590881797146
V3C99_004077	0.0268269088573976
V3C99_004091	0.0
V3C99_004091	0.0
V3C99_004095	26.414982880311644
V3C99_004108	382.59258166303744
V3C99_004110	18.20579101999147
V3C99_004124	0.1244276578107056
V3C99_004124	1.8355086424785712
V3C99_004133	0.0
V3C99_004142	0.0
V3C99_004142	0.0
V3C99_004172	3.3675131658098603
V3C99_004185	3.836345854019452
V3C99_004250	1.6652258682129264
V3C99_004265	16.59062369869541
V3C99_004289	31.21892821423223
V3C99_004334	405.7659237167101
V3C99_004335	83.08414172253856
V3C99_004339	885.0620891982254
V3C99_004346	5.558275387944159
V3C99_004351	335.7218869818473
V3C99_004355	0.0
V3C99_004358	53.63734152160541
V3C99_004363	1009.778575643482
V3C99_004366	1.4887833496906036
V3C99_004385	0.0
V3C99_004397	0.4799862325680663
V3C99_004405	58.406964714634285
V3C99_004410	48.071927276678416
V3C99_004492	0.0
V3C99_004495	1106.5326969965893
V3C99_004497	7.309587819461202
V3C99_004532	41.36155127034579
V3C99_004541	0.0591709604320798
V3C99_004584	43.0600405857135
V3C99_004594	0.0
V3C99_004594	18.67788084316734
V3C99_004594	0.1457374743878657
V3C99_004601	0.1223058707104012
V3C99_004669	0.0
V3C99_004675	1.2222213143034093
V3C99_004686	11.104877740778818
V3C99_004729	5.161769104881762
V3C99_004740	12.867755358970689
V3C99_004756	115.02671612736032
V3C99_004758	0.1018388639485187
V3C99_004769	9.21999095222357
V3C99_004774	0.0
V3C99_004806	0.3980225140845072
V3C99_004839	0.0
V3C99_004842	2.4144597418742166
V3C99_004891	6.585737027411539
V3C99_004950	6.11210294758849
V3C99_004953	0.0
V3C99_004953	0.0677500621245337
V3C99_004970	0.0
V3C99_004970	16.893700693645204
V3C99_004970	62.55975500737893
V3C99_004974	0.0454049829768209
V3C99_004974	0.1862952130857875
V3C99_004975	8.259598577822283
V3C99_004985	0.6675136172580022
V3C99_004992	35.36288133961912
V3C99_005029	0.0
V3C99_005029	0.352326736327156
V3C99_005034	1.554382660266865
V3C99_005035	32.71156740761934
V3C99_005053	18.56596747286459
V3C99_005053	0.2699277415409663
V3C99_005056	0.0
V3C99_005060	0.0
V3C99_005060	0.0
V3C99_005060	0.0
V3C99_005060	0.0435442844116389
V3C99_005073	2.3172258427670647
V3C99_005078	2.907715825866008
V3C99_005082	75.08847057808383
V3C99_005101	577.7739039174493
V3C99_005103	6.007247781613016
V3C99_005104	0.0
V3C99_005112	1.3738493138935166
V3C99_005133	0.0
V3C99_005133	0.0
V3C99_005146	0.5613591606051123
V3C99_005160	169.74598832333336
V3C99_005162	0.0
V3C99_005244	0.0599839425646591
V3C99_005245	0.0
V3C99_005245	0.0
V3C99_005246	0.0261220395039644
V3C99_005260	5.044450570826248
V3C99_005284	0.0
V3C99_005288	0.0
V3C99_005291	80.13449429729246
V3C99_005336	0.2936056136059633
V3C99_005399	0.6849462472935844
V3C99_005401	0.0
V3C99_005426	1.1346115237654175
V3C99_005434	0.1421275581786829
V3C99_005434	0.0
V3C99_005438	3.850650613841041
V3C99_005438	93.206436610184
V3C99_005448	18.31813089771517
V3C99_005458	0.1481456474671576
V3C99_005471	0.0743800887801773
V3C99_005504	0.5842824929116179
V3C99_005516	34.7676225603756
V3C99_005535	46.780952426296
V3C99_005561	669.6705829018285
V3C99_005585	0.0
V3C99_005586	7.526980276080152
V3C99_005591	0.0
V3C99_005604	0.0
V3C99_005604	0.0
V3C99_005615	2.910525213137376
V3C99_005617	0.0867874847478301
V3C99_005618	20.744408790973427
V3C99_005619	0.1329094902094499
V3C99_005619	0.0
V3C99_005681	0.0
V3C99_005681	0.0
V3C99_005682	12.15858236218766
V3C99_005702	0.0226308586552263
V3C99_005703	16.671643945098918
V3C99_005741	0.0614147522038161
V3C99_005746	5.750464252701383
V3C99_005752	11.22762732536222
V3C99_005783	340.36532406874323
V3C99_005786	0.0413137707686646
V3C99_005794	0.438884515840056
V3C99_005794	0.0622523991650585
V3C99_005808	9.395379635390826
V3C99_005832	59.72887286933825
V3C99_005844	0.2099679199118727
V3C99_005874	91.72287012963253
V3C99_005913	0.6880091154747746
V3C99_005913	0.6122751210563382
V3C99_005914	61.51434369387643
V3C99_005914	0.0
V3C99_005914	0.3651386176481435
V3C99_005916	4.418786761371691
V3C99_006008	0.2529297729300742
V3C99_006014	0.0
V3C99_006014	0.0
V3C99_006019	0.0
V3C99_006030	0.1549585182920362
V3C99_006057	209.7063115302348
V3C99_006058	827.4480040365305
V3C99_006084	0.3515045035702665
V3C99_006084	3.4827478590937377
V3C99_006110	0.0
V3C99_006122	7.549858635581915
V3C99_006125	17.27179630624782
V3C99_006128	0.0
V3C99_006129	1.6643058539210958
V3C99_006169	0.1002126944643108
V3C99_006169	0.0
V3C99_006170	316.453468628391
V3C99_006206	0.6771597677964126
V3C99_006211	0.3871971202567074
V3C99_006220	1296.5430310720485
V3C99_006240	12.313760517119666
V3C99_006278	53.90856708757097
V3C99_006284	583.2964856971805
V3C99_006308	18.33630884276547
V3C99_006324	0.0
V3C99_006325	83.1095535077726
V3C99_006326	117.69288438082944
V3C99_006331	22.427295804784453
V3C99_006339	109.70153803037286
V3C99_006365	3.669285128326933
V3C99_006366	62.160502766291096
V3C99_006374	472.9289385893581
V3C99_006383	0.2831729268280864
V3C99_006384	13.097363459118192
V3C99_006388	1.1975327352801368
V3C99_006388	0.0
V3C99_006396	35.27768503307678
V3C99_006397	5.363948710108946
V3C99_006399	71.81525813258507
V3C99_006421	181.97137440652568
V3C99_006463	1.6079225074538346
V3C99_006464	0.7011001386184291
V3C99_006487	0.0
V3C99_006507	687.1604501956689
V3C99_006534	0.4718661647238696
V3C99_006536	54.65912946139641
V3C99_006553	1569.97269824592
V3C99_006563	45.18590393395776
V3C99_006581	45.43035534933082
V3C99_006590	0.4356317564131864
V3C99_006593	42.56432826148879
V3C99_006613	0.0
V3C99_006613	53.89695663917468
V3C99_006615	292.651395361744
V3C99_006620	3.6284395233692175
V3C99_006636	11.789060869469
V3C99_006666	0.0
V3C99_006669	8.867720490183883
V3C99_006686	600.470456722372
V3C99_006736	0.8264454308908598
V3C99_006763	0.0
V3C99_006797	17.539104442006337
V3C99_006806	0.0532766254692874
V3C99_006811	3.997079542302163
V3C99_006956	155.27085026656772
V3C99_006957	449.9995371200732
V3C99_006958	46.19003513249015
V3C99_006985	2.97872109624829
V3C99_007019	93.2897959662148
V3C99_007060	420.0075658377436
V3C99_007068	0.0
V3C99_007069	12.171287254938118
V3C99_007090	276.7797534416216
V3C99_007156	15.288087598221397
V3C99_007158	0.507136968955755
V3C99_007160	278.041609098574
V3C99_007162	13.73902614313508
V3C99_007180	195.4023611642997
V3C99_007204	0.2191230111363654
V3C99_007208	0.0
V3C99_007208	0.0
V3C99_007244	2.1475638350114794
V3C99_007281	0.0
V3C99_007329	23.299142799622302
V3C99_007329	0.0
V3C99_007351	96.6663616497604
V3C99_007365	0.1012229030778623
V3C99_007366	1.7253113376845273
V3C99_007366	0.3303063153067087
V3C99_007367	0.0
V3C99_007420	6.771597677964127
V3C99_007422	25.276280441838296
V3C99_007431	45.05467672020958
V3C99_007431	1.0514462811857537
V3C99_007437	51.61422048531001
V3C99_007460	79.82253430067817
V3C99_007477	0.2827400800372793
V3C99_007485	0.5459707468232323
V3C99_007491	2.6499605320586945
V3C99_007502	4.85414744653097
V3C99_007524	2.560423233508323
V3C99_007526	9.523637105324957
V3C99_007528	13.038137655362489
V3C99_007536	2.206881755016252
V3C99_007540	18.70067573024346
V3C99_007562	342.6080606228508
V3C99_007569	12.718995181410332
V3C99_007607	0.0
V3C99_007662	377.883190172336
V3C99_007681	5.364861722655347
V3C99_007710	2.280989389258773
V3C99_007732	4.198634230639232
V3C99_007763	1.478368681442036
V3C99_007776	0.0
V3C99_007782	5.624801319579804
V3C99_007782	4.893426893432722
V3C99_007839	42.14271373985837
V3C99_007878	14.432154859556512
V3C99_007942	191.7920209586211
V3C99_007948	0.0
V3C99_007956	0.5152032829822445
V3C99_007982	1.2459465365431082
V3C99_008027	0.052691859289788
V3C99_008033	30.746652978317517
V3C99_008052	9.375284954611711
V3C99_008085	1.1838631493951062
V3C99_008106	4.704764651758208
V3C99_008127	0.0
V3C99_008127	0.0137138923590876
V3C99_008127	0.0
V3C99_008136	0.0
V3C99_008139	0.0
V3C99_008139	0.0980357528467068
V3C99_008196	49.79704475592953
V3C99_008215	0.1031995065295369
V3C99_008215	67.36196750011226
V3C99_008217	35.91555410481037
V3C99_008217	21.335865818739627
V3C99_008229	0.0
V3C99_008245	6.658694950480071
V3C99_008255	3.471322902908126
V3C99_008294	10.872758200669242
V3C99_008305	0.0
V3C99_008328	22.62349123700724
V3C99_008333	0.0227076254756308
V3C99_008333	0.0
V3C99_008333	0.022139371591498
V3C99_008366	2.997406562783268
V3C99_008368	13.055094420753129
V3C99_008382	13.459750782346736
V3C99_008408	1.1166939485458127
V3C99_008432	1.7167896631442918
V3C99_008494	0.1798309735450897
V3C99_008499	99.81347581502794
V3C99_008506	0.4608749046620284
V3C99_008513	0.0
V3C99_008516	53.238008340820464
V3C99_008532	0.0
V3C99_008535	0.0
V3C99_008535	2.1342342737080444
V3C99_008624	8.686256042667774
V3C99_008632	0.0
V3C99_008668	0.1422953989417659
V3C99_008670	1499.8091947544929
V3C99_008671	68.60341619170228
V3C99_008702	0.0968926856094301
V3C99_008716	51.20569544754749
V3C99_008742	0.6499231058462102
V3C99_008746	3.3122383284922745
V3C99_008793	8.741320701509686
V3C99_008794	39.56640505399213
V3C99_008800	50.61245873199663
V3C99_008847	0.0
V3C99_008853	1.157303754240726
V3C99_008856	17.677734236897386
V3C99_008875	1.8719463070154587
V3C99_008877	554.582921365172
V3C99_008878	11.718693621316277
V3C99_008910	38.19858796676906
V3C99_008956	0.1195394283967136
V3C99_008956	0.0
V3C99_008957	0.0
V3C99_008957	0.0
V3C99_008957	0.0
V3C99_009003	0.0
V3C99_009003	0.0824409851011818
V3C99_009070	106.58052836629832
V3C99_009075	3.722494823278234
V3C99_009119	26.0309168010672
V3C99_009138	0.0840980903293462
V3C99_009160	318.7025108385426
V3C99_009162	1.29866942386497
V3C99_009167	0.0240280258083846
V3C99_009173	0.0
V3C99_009173	0.0
V3C99_009210	55.09392416726413
V3C99_009211	60.86293803070284
V3C99_009212	0.0
V3C99_009212	0.0630339735425232
V3C99_009213	0.0
V3C99_009232	118.22193920963348
V3C99_009242	5.757778139032635
V3C99_009248	21.061411561906624
V3C99_009250	0.1891019206275696
V3C99_009264	0.0
V3C99_009268	0.4781577135868546
V3C99_009272	0.0
V3C99_009272	0.0
V3C99_009272	0.0
V3C99_009305	2.198355489381933
V3C99_009305	63.9418746404382
V3C99_009305	1.5740435004021325
V3C99_009305	0.0
V3C99_009305	0.0
V3C99_009309	1.0114874710491155
V3C99_009310	1.100417751816323
V3C99_009312	0.0
V3C99_009320	6.347955852791002
V3C99_009328	0.0
V3C99_009340	0.0
V3C99_009343	10.943574801396531
V3C99_009343	0.0
V3C99_009365	12955.656586566294
V3C99_009366	6.439997560207765
V3C99_009369	21.072867606001548
V3C99_009373	64.58571868960362
V3C99_009399	73.01947740005218
V3C99_009409	0.0
V3C99_009409	0.0
V3C99_009415	1.4079596155329943
V3C99_009426	0.0
V3C99_009436	0.4142455439490076
V3C99_009466	0.0413733497541159
V3C99_009481	17.506689052817197
V3C99_009482	0.0
V3C99_009500	4.439681983148412
V3C99_009504	1.1179598364227066
V3C99_009538	2.4308576500784227
V3C99_009590	0.0
V3C99_009590	0.0
V3C99_009634	0.0
V3C99_009636	0.2111737536345729
V3C99_009636	0.1052548426134585
V3C99_009637	0.1170316082205588
V3C99_009645	6.815370125785484
V3C99_009664	34.51127336820662
V3C99_009670	165.3569287135436
V3C99_009671	3.58618285190141
V3C99_009686	0.0
V3C99_009717	4.251241210244486
V3C99_009732	0.8454794638459986
V3C99_009746	0.0577086895708272
V3C99_009799	1.6000159126783688
V3C99_009801	0.763334014088206
V3C99_009802	3.531846748084722
V3C99_009811	0.0
V3C99_009828	0.0
V3C99_009837	0.0
V3C99_009904	368.9280054087423
V3C99_009911	4.703727979414816
V3C99_009915	45.30987074859139
V3C99_009916	0.1712803750161867
V3C99_009936	0.0
V3C99_009936	0.1537131570658086
V3C99_009939	0.0
V3C99_009945	0.0
V3C99_009973	631.3646851046153
V3C99_009992	0.0
V3C99_009999	442.5615282420555
V3C99_010000	121.1796721944048
V3C99_010050	0.0
V3C99_010057	0.0
V3C99_010057	0.5934581551609898
V3C99_010078	0.0
V3C99_010078	0.0
V3C99_010158	1.5704886780565313
V3C99_010158	0.0894947592274861
V3C99_010180	17.147049155266302
V3C99_010182	5.672191503160093
V3C99_010184	2.1759375876419007
V3C99_010186	49.53713912759814
V3C99_010197	0.0
V3C99_010198	16.958310766130495
V3C99_010200	4.248561621129741
V3C99_010263	6.3890589080408775
V3C99_010272	3.3966383037036607
V3C99_010277	28.111822624300984
V3C99_010278	270.3132783729652
V3C99_010285	0.1331150506229423
V3C99_010290	10.983472216761768
V3C99_010325	143.07850501415584
V3C99_010365	0.0
V3C99_010365	1.6728183053148182
V3C99_010368	0.0
V3C99_010368	5.359741691512782
V3C99_010370	146.37481028169017
V3C99_010370	0.0
V3C99_010370	0.0
V3C99_010370	0.0
V3C99_010370	0.0
V3C99_010406	19.50579879235264
V3C99_010437	13.52934667496279
V3C99_010446	0.0
V3C99_010446	0.0989779397271951
V3C99_010482	5.705576522324245
V3C99_010484	63.909860255023496
V3C99_010488	0.177033003972566
V3C99_010495	8.479330120940222
V3C99_010495	2.521132851408452
V3C99_010508	1.2794108982533594
V3C99_010555	58.84424765593066
V3C99_010571	187.46911836603527
V3C99_010602	0.6973133323141629
V3C99_010648	0.0
V3C99_010675	3.7045617033233977
V3C99_010684	0.0
V3C99_010684	0.0
V3C99_010686	0.0
V3C99_010686	0.0
V3C99_010736	80.97390646651826
V3C99_010760	0.0
V3C99_010760	0.0527518360143102
V3C99_010763	23.06262623726016
V3C99_010796	0.5625384865727701
V3C99_010815	615.2616288494974
V3C99_010853	0.8999452313630562
V3C99_010854	0.0
V3C99_010855	1.1511204215979831
V3C99_010856	24.603387808196334
V3C99_010862	2.594405967499967
V3C99_010875	0.0
V3C99_010886	0.0
V3C99_010886	2.780167813526174
V3C99_010919	0.0845050451110788
V3C99_010919	0.0
V3C99_010919	0.0
V3C99_010940	9.25794722051144
V3C99_010943	65.87314449454034
V3C99_010964	16.302704803758708
V3C99_010971	277.6172692953932
V3C99_010977	8.286519599539181
V3C99_011000	0.0
V3C99_011012	0.0
V3C99_011012	0.0
V3C99_011026	18.40624024382562
V3C99_011053	0.0
V3C99_011137	639.2352599246103
V3C99_011160	4.259950539228342
V3C99_011188	13.604725422292647
V3C99_011208	0.0
V3C99_011220	8.49222730590508
V3C99_011227	48.68514901975247
V3C99_011242	9.29044074687767
V3C99_011273	8.885039696104826
V3C99_011275	7.880128286850961
V3C99_011361	19.79297074030201
V3C99_011365	6.537206751464438
V3C99_011366	0.639574011804073
V3C99_011368	22.78208626807231
V3C99_011369	0.0
V3C99_011370	0.0
V3C99_011371	22.475722479227517
V3C99_011372	0.0
V3C99_011381	0.0
V3C99_011419	0.0949533048257583
V3C99_011432	96.88553476035608
V3C99_011481	148.07297021836402
V3C99_011624	4.183879993884978
V3C99_011646	0.0168619848620049
V3C99_011666	0.0
V3C99_011667	64.71891119692188
V3C99_011675	3.862043071278441
V3C99_011675	0.0
V3C99_011680	163.0012433389985
V3C99_011683	383.98720832766577
V3C99_011690	3.905402015142032
V3C99_011694	6.848190982726986
V3C99_011705	0.0
V3C99_011766	21.309712833011535
V3C99_011767	0.4635878109567842
V3C99_011790	0.0
V3C99_011823	3.440948032354
V3C99_011863	10.116952753574974
V3C99_011883	0.559530938941244
V3C99_011898	137.3312839828457
V3C99_011950	28.9308042479365
V3C99_012046	300.8060774891543
V3C99_012047	20.412110798497658
V3C99_012063	0.0634321666792415
V3C99_012080	0.0
V3C99_012080	0.0
V3C99_012156	10.007672749192208
V3C99_012238	11.03794167009996
V3C99_012238	5.287959436715736
V3C99_012261	187.15496986730548
V3C99_012297	33.02869140547084
V3C99_012318	2.1215797135285497
V3C99_012330	183.02086913889536
V3C99_012365	0.0
V3C99_012367	15.350673301547126
V3C99_012386	394.1214954239649
V3C99_012447	1830.9198708723743
V3C99_012481	18.405518784139435
V3C99_012487	1.4966725181377156
V3C99_012495	9.959174463971603
V3C99_012522	0.0
V3C99_012602	0.0
V3C99_012636	0.0540291201793056
V3C99_012644	7.624677054493087
V3C99_012647	7.965233145414664
V3C99_012650	20.7348170285182
V3C99_012661	0.7259700446010463
V3C99_012705	0.0
V3C99_012705	0.0
V3C99_012721	0.0
V3C99_012721	0.0
V3C99_012725	0.0
V3C99_012725	0.0
V3C99_012739	711.1308641914036
V3C99_012772	66.05189266941815
V3C99_012772	94.06311759301688
V3C99_012774	453.31490478898246
V3C99_012784	4.735710688522085
V3C99_012793	1.4621726854222905
V3C99_012808	1.856279512018292
V3C99_012815	0.0
V3C99_012834	0.3465936089608857
V3C99_012834	0.0
V3C99_012834	0.2468365778103231
V3C99_012859	47.683358453384486
V3C99_012881	7.731001170437417
V3C99_012882	0.0244195330382391
V3C99_012882	0.0739310262503603
V3C99_012882	0.0
V3C99_012893	0.1645731301738881
V3C99_012920	19.936849159588537
V3C99_012921	113.51566218284368
V3C99_012922	78.25623425182043
V3C99_012929	5.553713295586578
V3C99_012940	1.6450794682950385
V3C99_012940	14.136443009641669
V3C99_012941	4.274256054743992
V3C99_012971	1.2948936909561948
V3C99_013029	0.0
V3C99_013063	88.70720534628428
V3C99_013070	493.3340236267852
V3C99_013071	3.438112865065601
V3C99_013072	44.58117506089203
V3C99_013074	0.0
V3C99_013139	0.998142344465601
V3C99_013147	9.217610611527842
V3C99_013149	725.2461436331447
V3C99_013164	1.4303863226957187
V3C99_013172	0.0
V3C99_013172	0.6889407880153651
V3C99_013194	1.6138723431962143
V3C99_013194	0.3237044482696307
V3C99_013206	48.74123790111163
V3C99_013207	23.951753359488315
V3C99_013209	1.6482499155175376
V3C99_013229	0.1817103146095538
V3C99_013232	0.5097112682905556
V3C99_013240	6.049383585994565
V3C99_013254	21.25145393719353
V3C99_013265	190.21922000367195
V3C99_013268	2.910004546730732
V3C99_013269	2.789253329256652
V3C99_013281	0.0
V3C99_013281	0.0
V3C99_013298	9.38403367713634
V3C99_013305	0.0
V3C99_013328	0.0
V3C99_013341	0.0
V3C99_013343	0.0
V3C99_013359	2.217140357015165
V3C99_013368	0.0
V3C99_013370	13.202388632715431
V3C99_013371	25.46709561495204
V3C99_013385	0.0986791855921207
V3C99_013385	0.5993658834024114
V3C99_013385	0.0
V3C99_013393	9.700819640332156
V3C99_013404	123.29930101637098
V3C99_013411	25.342358820103296
V3C99_013429	36.64985380118237
V3C99_013433	1430.1262524552287
V3C99_013470	8.143741216443832
V3C99_013492	0.0
V3C99_013492	0.0
V3C99_013492	0.0
V3C99_013502	9.762386652398282
V3C99_013504	75.2224937522702
V3C99_013510	281.3606200963867
V3C99_013517	0.0
V3C99_013519	0.0
V3C99_013519	0.4142455439490076
V3C99_013569	2.5498953377792857
V3C99_013570	0.0
V3C99_013570	0.0
V3C99_013570	0.0927175621913568
V3C99_013592	0.0
V3C99_013632	51.50912749121841
V3C99_013633	0.6815370125785485
V3C99_013637	107.98330659500226
V3C99_013639	1.1699603630316655
V3C99_013640	0.1746315127882425
V3C99_013640	0.8876874870021169
V3C99_013641	0.0
V3C99_013654	7.615601786622095
V3C99_013659	5683.849621460113
V3C99_013666	0.2603624542434904
V3C99_013677	4.317909049966142
V3C99_013685	0.0
V3C99_013685	0.0
V3C99_013685	0.0
V3C99_013686	254.1707096285124
V3C99_013687	43.87947886235494
V3C99_013759	0.4462805326810643
V3C99_013794	0.0
V3C99_013833	0.0
V3C99_013849	68.96505484425788
V3C99_013856	1.6461167189055654
V3C99_013858	1.5072362710889984
V3C99_013863	0.9128465441203588
V3C99_013865	0.0
V3C99_013865	0.2977409039384417
V3C99_013872	0.0
V3C99_013879	0.0
V3C99_013879	5.35719791282673
V3C99_013887	231.47518066969096
V3C99_013894	0.3552350938204227
V3C99_013905	0.1170316082205588
V3C99_013907	0.0
V3C99_013909	0.0
V3C99_013935	0.0
V3C99_013935	13.819784991734627
V3C99_013936	56.978157604583856
V3C99_013941	2.5951700956105626
V3C99_013957	4.469144538922589
V3C99_014060	10.307847352214996
V3C99_014162	5.198395241736036
V3C99_014279	9.076892190123342
V3C99_014280	0.0333376891943026
V3C99_014311	0.0
V3C99_014322	241.48940394456767
V3C99_014324	13.54546484823758
V3C99_014325	0.0892561065362128
V3C99_014358	198.1881281832411
V3C99_014399	1.0846215333777998
V3C99_014409	113.63957918874682
V3C99_014417	2.021228770308276
V3C99_014438	0.0874297952575006
V3C99_014447	5.156170736374376
V3C99_014480	3.2551117077160083
V3C99_014481	0.0
V3C99_014572	0.0
V3C99_014572	0.05955701058911
V3C99_014582	0.7012979799273867
V3C99_014604	0.24431416022686
V3C99_014609	0.0
V3C99_014631	0.0
V3C99_014667	7.124520935614929
V3C99_014689	16.3763886455927
V3C99_014698	1.3850085496998548
V3C99_014710	0.0
V3C99_014711	2.833932444370603
V3C99_014714	160.58977678656382
V3C99_014716	0.0
V3C99_014716	0.4236840500136686
V3C99_014729	0.0614147522038161
V3C99_014755	16.46430563847206
V3C99_014798	78.50011552069684
V3C99_014839	0.0
V3C99_014839	0.0
V3C99_014882	2.896011812478874
V3C99_014903	1.3496387077048315
V3C99_014905	50.20655992661973
V3C99_014928	0.0
V3C99_014928	2.56611306291612
V3C99_014928	0.0
V3C99_014944	0.0
V3C99_014944	1.2848518631860808
V3C99_014962	0.0
V3C99_014990	0.0
V3C99_014992	3.1198943014177747
V3C99_015025	3.458823087067528
V3C99_015027	20.039060795006574
V3C99_015041	0.0
V3C99_015056	0.6694207990215965
V3C99_015056	20.72505672693943
V3C99_015056	0.1068224679289781
V3C99_015056	18.91734501825628
V3C99_015059	1.741555597058167
V3C99_015059	0.0
V3C99_015059	0.0
V3C99_015059	0.0
V3C99_015081	6.574441041019105
V3C99_015086	3.0332186790653943
V3C99_015092	0.0
V3C99_015092	0.0217250367488618
V3C99_015095	0.0
V3C99_015097	7.001043863234257
V3C99_015149	1.266174208675717
V3C99_015153	0.1820177399152377
V3C99_015161	11.401072983336563
V3C99_015162	0.0738875054107722
V3C99_015162	0.0738875054107722
V3C99_015195	0.0
V3C99_015200	19.711252545870625
V3C99_015200	0.0310204262753288
V3C99_015223	1.2083407924577554
V3C99_015223	0.0
V3C99_015227	0.0
V3C99_015227	0.0
V3C99_015236	2.2287493903216054
V3C99_015237	0.0
V3C99_015237	0.0
V3C99_015246	0.2747280980936784
V3C99_015252	0.367813625836042
V3C99_015297	1.819132729786192
V3C99_015300	11.490311436370694
V3C99_015302	0.0662355671855141
V3C99_015308	23.76568264184478
V3C99_015362	11.444142336214792
V3C99_015392	0.1766281791613711
V3C99_015392	5.278586945690008
V3C99_015392	1.4153767872813707
V3C99_015458	0.0
V3C99_015469	0.0
V3C99_015521	482.87553636091167
V3C99_015526	23.368124824741617
V3C99_015549	62.77901523162733
V3C99_015552	31.991656969816628
V3C99_015570	121.6454415950602
V3C99_015632	1.183186801098658
V3C99_015637	32.54128884132761
V3C99_015651	0.0
V3C99_015739	0.0
V3C99_015776	14.97790828861106
V3C99_015780	0.838439569351105
V3C99_015782	0.0
V3C99_015840	0.0459556612600638
V3C99_015853	0.0
V3C99_015866	0.0
V3C99_015869	26.65181279636068
V3C99_015901	0.1499822551952793
V3C99_015902	10.495156594830114
V3C99_015968	13.904322987196691
V3C99_015995	3.799061286032543
V3C99_016005	4.996986058699711
V3C99_016014	0.0794093474521466
V3C99_016015	0.3687140263888842
V3C99_016015	0.0
V3C99_016051	230.07429798148797
V3C99_016053	6.81194531667705
V3C99_016068	0.0
V3C99_016089	38.23640835089458
V3C99_016113	33.365007089566376
V3C99_016117	0.0100821446712424
V3C99_016168	0.0
V3C99_016193	24.053075268488534
V3C99_016257	40.6315111843954
V3C99_016268	6.225466949325568
V3C99_016270	0.6456446775621644
V3C99_016271	0.0
V3C99_016271	0.0
V3C99_016290	64.94109381812771
V3C99_016414	41.5852314543719
V3C99_016419	0.0
V3C99_016511	31.036782500092198
V3C99_016521	0.0
V3C99_016521	0.0
V3C99_016521	0.0
V3C99_016534	58.99979923580173
V3C99_016537	0.2357115489512663
V3C99_016551	1.9054158545539264
V3C99_016551	0.7172365703802819
V3C99_016608	1.9773131477949557
V3C99_016644	0.3151039325938476
V3C99_016650	1.0569802089814682
V3C99_016668	22.843984766611975
V3C99_016689	0.0576093630827535
V3C99_016773	84.16128542612556
V3C99_016776	0.4070802156212411
V3C99_016837	185.52847917900948
V3C99_016899	12.567670173202384
V3C99_016930	0.0
V3C99_016930	5.17890016435046
V3C99_016974	1586.9735742138646
V3C99_017008	7.4608248561711665
V3C99_017062	3.10202223813741
V3C99_017083	0.0
V3C99_017083	0.6769423810330751
V3C99_017084	0.0
V3C99_017086	0.0
V3C99_017147	79.88136371711383
V3C99_017153	48.86110909642823
V3C99_017154	2.134178955435483
V3C99_017173	1.8595022195044344
V3C99_017203	110.80843444353006
V3C99_017204	675.0259970995285
V3C99_017207	42.60692088005043
V3C99_017215	7.072800730022523
V3C99_017215	1.2291121642493388
V3C99_017241	483.501829209296
V3C99_017279	0.775390886897602
V3C99_017290	6.066755844640166
V3C99_017303	71.65354593632924
V3C99_017304	440.2276075677214
V3C99_017307	0.0590491736861155
V3C99_017328	4.641969044310341
V3C99_017331	0.0
V3C99_017350	47.33851413043493
V3C99_017359	1.066963493127692
V3C99_017360	0.0
V3C99_017362	3.2498545594281256
V3C99_017371	0.3001886991128235
V3C99_017395	0.0
V3C99_017395	0.1483645387902474
V3C99_017408	0.0
V3C99_017416	6.048105187096427
V3C99_017451	14.26282002198048
V3C99_017456	85.12865652297758
V3C99_017463	3.202119155564373
V3C99_017492	0.0
V3C99_017521	0.0712149786193187
V3C99_017521	0.0
V3C99_017568	0.0
V3C99_017568	0.2483936174477166
V3C99_017569	0.8097832246228989
V3C99_017569	0.0
V3C99_017588	3.5753156311380723
V3C99_017612	0.0
V3C99_017615	2.0977671278531926
V3C99_017648	0.5097112682905556
V3C99_017659	0.1287677864237489
V3C99_017660	0.1797677337526026
V3C99_017662	16.17748513977579
V3C99_017689	25.30144289323811
V3C99_017691	0.0
V3C99_017760	0.0
V3C99_017761	1.7851221307242573
V3C99_017761	0.0
V3C99_017762	0.1581308974066763
V3C99_017762	0.0
V3C99_017770	0.4688029161667472
V3C99_017838	4.233163143223982
V3C99_017982	0.0
V3C99_017982	0.0
V3C99_018096	2.5380883375226406
V3C99_018096	0.0
V3C99_018295	0.0
V3C99_018295	0.0
V3C99_018295	0.3299264657573171
V3C99_018421	0.0210774810775061
V3C99_018421	0.0
V3C99_018498	27.016982920154117
V3C99_018559	0.0
V3C99_018691	0.215942193232773
V3C99_018691	0.0
V3C99_018725	91.84126815845072
V3C99_018763	0.0
V3C99_018763	0.5653891883628348
V3C99_018801	28.10135439743065
V3C99_018865	0.8597013686065023
V3C99_018879	0.2835296607498073
V3C99_018880	0.0
V3C99_018898	364.6220191685729
V3C99_018898	546.4422813503846
V3C99_018905	32.252745393473475
V3C99_018914	38.30789543533991
V3C99_018923	0.0
V3C99_018926	27.86621958191316
V3C99_018939	1.7222624507052509
V3C99_018949	8.111080233543882
V3C99_018964	0.0970175071045791
V3C99_018966	0.0
V3C99_018967	556.9812881902633
V3C99_018973	2.091939996942489
V3C99_018979	1122.160655201992
V3C99_018984	0.2142832263193331
V3C99_019004	2.42543767761448
V3C99_019038	0.0
V3C99_019038	52.61888713030116
V3C99_019066	130.35812257676844
V3C99_019068	0.0
V3C99_019077	1.368728816648266
V3C99_019083	97.97201715724272
V3C99_019087	4.245457034201722
V3C99_019105	0.0
V3C99_019109	0.0
V3C99_019111	1.0654958679652056
V3C99_019115	1.121197397376073
V3C99_019115	6.1118246947000445
V3C99_019117	326.6383815600181
V3C99_019165	11.85765852191838
V3C99_019170	16.046410329488264
V3C99_019171	0.0
V3C99_019186	908.0118906048734
V3C99_019188	0.3027531251856466
V3C99_019223	5.420411328110093
V3C99_019223	0.9950849715185892
V3C99_019229	0.4717553199588418
V3C99_019229	0.0
