V3C99_000006	0.9281783605979922
V3C99_000022	0.4102722310752501
V3C99_000041	1.0487731483271077
V3C99_000078	4.48975570951456
V3C99_000085	1.8848123796004983
V3C99_000087	484.6228420599584
V3C99_000116	24.830771803933057
V3C99_000121	58.46382787124628
V3C99_000123	1243.6165543951265
V3C99_000124	0.8928325303828836
V3C99_000132	2.0386356548200686
V3C99_000152	0.0496641832729445
V3C99_000153	51.59085527449525
V3C99_000156	0.0133706963924904
V3C99_000162	9.744795333822587
V3C99_000186	30.74277864275184
V3C99_000194	0.007984793155703
V3C99_000226	12.145945200278424
V3C99_000296	0.0210412216261723
V3C99_000296	0.0
V3C99_000306	10.33853829567915
V3C99_000311	1278.3320856023956
V3C99_000312	910.3097241302048
V3C99_000313	28.04057508249617
V3C99_000351	1.4918363079837067
V3C99_000358	0.04234984717781
V3C99_000381	1794.9804751145598
V3C99_000399	0.9665789972897127
V3C99_000456	0.7527292268081863
V3C99_000456	0.2733264019164105
V3C99_000456	0.3433726431429635
V3C99_000456	0.03277801219428
V3C99_000500	0.5576922424709523
V3C99_000507	64.43244554444699
V3C99_000580	0.429831262285578
V3C99_000580	64.20744305890761
V3C99_000580	51.069351290127855
V3C99_000596	9.1385925977535
V3C99_000621	1.7367321579982231
V3C99_000626	0.2463512383222539
V3C99_000669	18.54044697891686
V3C99_000675	1.4429366648689737
V3C99_000685	31.015140479608185
V3C99_000700	0.0244995855350688
V3C99_000727	0.0452152421618062
V3C99_000731	9.509051252177578
V3C99_000734	10.962296979540818
V3C99_000734	0.0
V3C99_000751	57.5760758364099
V3C99_000755	0.494074193655542
V3C99_000755	0.0398697252406145
V3C99_000755	0.0867781858684099
V3C99_000756	0.0834086017218815
V3C99_000756	0.0133709014545631
V3C99_000756	0.1015649237899009
V3C99_000756	0.0322750941892982
V3C99_000765	1.357809918231464
V3C99_000785	11.545207899307762
V3C99_000787	4.119483595427025
V3C99_000789	0.0
V3C99_000789	1.0702812538363362
V3C99_000818	0.3120486387625538
V3C99_000883	1936.903064193724
V3C99_000888	106.81544599725169
V3C99_000895	0.0159684438857407
V3C99_000952	2.1805921675547952
V3C99_000981	0.0
V3C99_000989	0.4123366424151944
V3C99_000993	0.001431824167276
V3C99_000999	12.599977114956989
V3C99_001006	4.060717422285326
V3C99_001014	5.910825137122637
V3C99_001028	0.0
V3C99_001032	84.55892140285268
V3C99_001033	176.24176309273955
V3C99_001060	2.008805515445811
V3C99_001117	0.2608794604519492
V3C99_001117	2.615707752776475
V3C99_001118	1.390166618083812
V3C99_001129	0.2703324669170041
V3C99_001130	0.9962266918007994
V3C99_001141	0.6544743289763386
V3C99_001163	0.3456861690178665
V3C99_001174	0.2644082925873845
V3C99_001177	34.372687715888695
V3C99_001182	6.404369737654475
V3C99_001197	0.0408934638149231
V3C99_001230	0.7514981531708637
V3C99_001231	0.1736225038816041
V3C99_001231	0.0095322723369108
V3C99_001242	5.258234337992549
V3C99_001244	117.03715480026932
V3C99_001264	32.035817938774294
V3C99_001270	32.611370187907546
V3C99_001274	345.5266394216756
V3C99_001284	438.437268185013
V3C99_001285	2.63436186384882
V3C99_001303	5.159975032452749
V3C99_001315	0.0689462370386526
V3C99_001316	37.43039679642446
V3C99_001327	2.856224519539412
V3C99_001342	0.053664296136278
V3C99_001342	0.7344008759928992
V3C99_001347	5.650870049301931
V3C99_001347	3.940101920497284
V3C99_001358	74.95336081541109
V3C99_001377	0.7058293018852084
V3C99_001377	0.0283423104239686
V3C99_001377	0.8324876802833691
V3C99_001399	0.0905901786887901
V3C99_001401	0.3745083418521718
V3C99_001404	200.1102898078957
V3C99_001405	3648.329192385958
V3C99_001429	0.7558228325650913
V3C99_001435	491.9958864724261
V3C99_001447	0.0588188616621652
V3C99_001447	5.932930955328452
V3C99_001452	0.0902049944432124
V3C99_001454	597.0005128079757
V3C99_001456	0.0392516916683126
V3C99_001484	1.0002398642957675
V3C99_001526	4.109368414861683
V3C99_001528	291.42972930959775
V3C99_001529	58.75096243894359
V3C99_001552	0.1567773092184654
V3C99_001557	4.092568908084929
V3C99_001557	1.5717767695931315
V3C99_001557	2.378876872094293
V3C99_001590	0.0
V3C99_001590	3.857665157613139
V3C99_001590	0.0079998957009357
V3C99_001595	0.0147931345647011
V3C99_001596	4.744231152688716
V3C99_001632	8.33068298242138
V3C99_001635	70.0064819395503
V3C99_001636	0.0
V3C99_001636	0.0240105467936621
V3C99_001680	0.0285995929541837
V3C99_001680	2.348938951997145
V3C99_001682	21.089211874961634
V3C99_001682	20.027366992398857
V3C99_001710	110.47752853534509
V3C99_001712	0.3594333667685068
V3C99_001712	0.9919149525135802
V3C99_001712	5.174412833995734
V3C99_001739	90.23723383267811
V3C99_001740	124.3951588184144
V3C99_001743	0.0014639194041875
V3C99_001743	0.2516461659701746
V3C99_001756	54.57484927185813
V3C99_001757	0.2590350512712586
V3C99_001770	0.0
V3C99_001770	3.882121964168457
V3C99_001773	0.0
V3C99_001794	0.0479457901241016
V3C99_001796	0.4279668162496552
V3C99_001796	0.2409367073595922
V3C99_001796	3.677715312635985
V3C99_001800	20.79052827149268
V3C99_001827	6.388082114526234
V3C99_001850	13.939090088294105
V3C99_001866	0.0581863079703909
V3C99_001866	0.0
V3C99_001866	0.0124778648744251
V3C99_001868	0.0071221817956942
V3C99_001869	8.530027094386524
V3C99_001885	0.0
V3C99_001889	49.5515398124999
V3C99_001890	22.98553472391526
V3C99_001891	0.0
V3C99_001896	29.52122567479675
V3C99_001897	473.0658821948764
V3C99_001898	0.1122800367230001
V3C99_001898	0.0900149585454775
V3C99_001898	0.0
V3C99_001902	70.32545059560977
V3C99_001910	1.8801706058806784
V3C99_001939	0.1048656152961774
V3C99_001940	0.0936550982168892
V3C99_001953	3.227638875058319
V3C99_001956	0.3031291300860393
V3C99_001972	0.6469779519043473
V3C99_001973	352.00827709221863
V3C99_001984	0.2301208736056908
V3C99_001984	0.616841756337918
V3C99_001984	2.15492677309618
V3C99_001992	0.1060127173029098
V3C99_001992	0.0034576619770172
V3C99_002018	4.871140366571043
V3C99_002020	31.10370063527316
V3C99_002024	0.4059175852727476
V3C99_002064	296.5603426483621
V3C99_002102	0.0
V3C99_002102	0.4263273465778305
V3C99_002103	0.4834414053243166
V3C99_002104	0.041140938466632
V3C99_002105	4.49164926879659
V3C99_002105	0.1924522606627378
V3C99_002108	0.0246027982588566
V3C99_002109	14.076887180007548
V3C99_002110	0.0938991040887579
V3C99_002110	0.0159678036872182
V3C99_002110	0.3784704715512873
V3C99_002110	0.0761034003081585
V3C99_002119	212.7828807509688
V3C99_002188	1.364500285961623
V3C99_002224	364.90954802679744
V3C99_002259	68.0341493592244
V3C99_002273	0.2359594247172138
V3C99_002294	2.317948270404276
V3C99_002295	0.0607055183152034
V3C99_002301	0.0198000966421742
V3C99_002302	43.90786378685058
V3C99_002320	17.513894771925667
V3C99_002346	13.656948350424724
V3C99_002357	8.433977337872474
V3C99_002357	0.0
V3C99_002367	70.93979013277527
V3C99_002372	0.1142431474284216
V3C99_002383	8653.629363421356
V3C99_002403	8.562634024109979
V3C99_002428	263.7821608938281
V3C99_002432	0.0
V3C99_002443	4.6901995123478
V3C99_002445	22.402002946401964
V3C99_002448	0.0
V3C99_002456	2.376810715077763
V3C99_002457	41.86785440572263
V3C99_002457	13.42072840430131
V3C99_002461	206.98138646565727
V3C99_002467	2.7758029630548453
V3C99_002470	0.0240984161779302
V3C99_002470	0.0114076206356022
V3C99_002470	0.1410402446171045
V3C99_002471	18.852588971103717
V3C99_002471	1.893457717494324
V3C99_002471	0.0665076444936554
V3C99_002491	71.44345813029454
V3C99_002506	27.419234489103506
V3C99_002532	1.165353280817805
V3C99_002542	38.97481442952349
V3C99_002548	3.2625144070426915
V3C99_002548	14.316354863877867
V3C99_002559	18.61955880353443
V3C99_002562	7.940935081577014
V3C99_002578	551.4100142305165
V3C99_002586	0.0
V3C99_002586	0.625030719530739
V3C99_002592	0.3044483986083566
V3C99_002598	459.71333903149184
V3C99_002654	0.3521365962997813
V3C99_002661	0.064341414202705
V3C99_002661	0.0441972954558769
V3C99_002683	0.0
V3C99_002685	4.64327590647137
V3C99_002695	1.635440403336064
V3C99_002728	42.40264552269869
V3C99_002738	49.10926856620941
V3C99_002756	2.1735687810198514
V3C99_002761	44.44071552372598
V3C99_002766	0.0779374815964296
V3C99_002767	0.1692463314438152
V3C99_002767	0.4911609634640405
V3C99_002769	15.75594176365269
V3C99_002776	1143.7680837199991
V3C99_002790	7.046487067730395
V3C99_002801	0.3895896753749186
V3C99_002802	1.229922723218697
V3C99_002802	1.3161255014125497
V3C99_002815	0.3164359941604047
V3C99_002824	2.081364257240875
V3C99_002827	21.239413217620356
V3C99_002827	0.1261767504192883
V3C99_002838	0.2916557207878443
V3C99_002839	0.4955631332404013
V3C99_002842	0.9187899429984544
V3C99_002878	2.4137443289601803
V3C99_002881	0.047212124041446
V3C99_002895	403.0003029600168
V3C99_002919	0.0646333921276439
V3C99_002924	928.31588809069
V3C99_002931	150.3766012937507
V3C99_002944	0.0
V3C99_002979	89.2441670423997
V3C99_002996	11.649836818100932
V3C99_003014	86.44699004240614
V3C99_003031	67.18123505201648
V3C99_003031	4.315979503970701
V3C99_003049	72.99861024830253
V3C99_003055	12.676146789776366
V3C99_003056	431.05705130286736
V3C99_003065	229.50983385038424
V3C99_003090	0.5244872441622545
V3C99_003103	125.17168387697232
V3C99_003135	1011.9788569517698
V3C99_003138	668.328573423817
V3C99_003146	98.14118275046228
V3C99_003155	0.3946092061445574
V3C99_003155	13.94251416677248
V3C99_003178	0.0
V3C99_003178	61.36742849572717
V3C99_003194	8.779523885557388
V3C99_003195	0.031218087224863
V3C99_003195	0.0
V3C99_003218	183.76061593354365
V3C99_003223	0.0049499354649539
V3C99_003228	0.0443480337783043
V3C99_003228	1.0378274593722503
V3C99_003238	21.69212396491733
V3C99_003240	263.03878373779145
V3C99_003241	2.8010463795043807
V3C99_003243	219.4736814680864
V3C99_003243	839.2794852082224
V3C99_003269	0.0738851701457067
V3C99_003269	0.0774743676856496
V3C99_003274	1.0972467567371145
V3C99_003299	0.1495096676328585
V3C99_003299	0.00882142663546
V3C99_003304	27.764331010477164
V3C99_003307	36.37445286637932
V3C99_003314	0.089064054881986
V3C99_003315	1.2756194702857828
V3C99_003357	2.121425084460958
V3C99_003364	11.42400493362786
V3C99_003365	0.5122534837535266
V3C99_003365	0.0986459800821335
V3C99_003365	1.7551729655616797
V3C99_003365	10.9102202967116
V3C99_003376	5.451528218611876
V3C99_003379	0.1076611787242432
V3C99_003394	0.5172158755922835
V3C99_003425	0.0188237277504458
V3C99_003430	394.4127390999288
V3C99_003469	1741.1030339227789
V3C99_003472	0.0638450752741419
V3C99_003476	45.0674172536485
V3C99_003484	0.3214676056738177
V3C99_003487	18.359669101181854
V3C99_003492	133.3808992775443
V3C99_003511	0.0
V3C99_003520	0.9198214235427636
V3C99_003520	0.1264999822684057
V3C99_003539	0.1172386644210254
V3C99_003577	241.8128087456004
V3C99_003597	173.0150585577707
V3C99_003601	159.43886644315864
V3C99_003607	131.54325571535267
V3C99_003608	0.0079806344092677
V3C99_003627	4436.822021916436
V3C99_003640	24.130529300930327
V3C99_003658	119.7753762110263
V3C99_003659	5.283434590624085
V3C99_003714	0.7045742109867912
V3C99_003714	25.667430841855406
V3C99_003715	0.0018727472581024
V3C99_003719	37.92094733098456
V3C99_003720	0.0
V3C99_003736	9.198536327042444
V3C99_003774	103.82390007824664
V3C99_003816	18.371713665797163
V3C99_003825	37.53885928520768
V3C99_003835	428.82169335251626
V3C99_003864	4.9968899177036725
V3C99_003883	3.457112836492534
V3C99_003886	1465.60138843594
V3C99_003895	0.1947712278839674
V3C99_003914	78.44320525667814
V3C99_003939	0.4253009434527268
V3C99_003965	26.002972587680475
V3C99_003984	0.783044156697319
V3C99_003985	0.0224248755244713
V3C99_004001	104.45612297702992
V3C99_004030	0.6249894766869405
V3C99_004038	4.344195486073409
V3C99_004043	1.3451420763758142
V3C99_004043	5.224226668953524
V3C99_004044	9.668619173714358
V3C99_004060	47.87125989281159
V3C99_004062	1.874870707271588
V3C99_004062	4.091125796871423
V3C99_004065	0.0454719349745182
V3C99_004067	1.4075326728623123
V3C99_004077	0.4601715390233978
V3C99_004091	0.0816172204127292
V3C99_004091	0.0090345361334966
V3C99_004095	97.25002703478286
V3C99_004108	61.41070842102574
V3C99_004110	22.89148838137884
V3C99_004124	0.5531898461823409
V3C99_004124	6.581860528901875
V3C99_004133	0.344420332935107
V3C99_004142	0.0
V3C99_004142	0.0
V3C99_004172	0.6584117988605356
V3C99_004185	27.717604064733838
V3C99_004250	9.293532404092506
V3C99_004265	53.77780081209696
V3C99_004289	16.786431310000903
V3C99_004334	239.53921757429612
V3C99_004335	143.37868301308663
V3C99_004339	1617.8831216493272
V3C99_004346	10.7058428325169
V3C99_004351	401.61315027019583
V3C99_004355	0.0
V3C99_004358	90.31322845068564
V3C99_004363	667.6232038144058
V3C99_004366	1.1272899912328864
V3C99_004385	0.0082498924415899
V3C99_004397	0.4558695714328343
V3C99_004405	36.56336055302409
V3C99_004410	711.8410106211836
V3C99_004492	0.0
V3C99_004495	3699.3375492449495
V3C99_004497	29.898270660020287
V3C99_004532	437.3791977078765
V3C99_004541	0.375426543535041
V3C99_004584	76.68170287549266
V3C99_004594	0.0178555639500193
V3C99_004594	7.428733514053714
V3C99_004594	0.0
V3C99_004601	0.0567020033168507
V3C99_004669	0.0
V3C99_004675	1.1234017693925022
V3C99_004686	139.04534393570472
V3C99_004729	28.28748168215248
V3C99_004740	64.64511190610263
V3C99_004756	64.00395000692072
V3C99_004758	0.0558076395947591
V3C99_004769	47.00209984964646
V3C99_004774	0.3727896247398462
V3C99_004806	43.53835004720256
V3C99_004839	0.341881094463613
V3C99_004842	1.671157520405823
V3C99_004891	1.8332289260044417
V3C99_004950	61.890448402452144
V3C99_004953	0.0217468494241507
V3C99_004953	3.80491023004224
V3C99_004970	0.0
V3C99_004970	0.351999156264858
V3C99_004970	0.3077645229863143
V3C99_004974	2.441027375687536
V3C99_004974	2.19516331592189
V3C99_004975	0.277978401853161
V3C99_004985	0.8343369295977345
V3C99_004992	76.53683458289316
V3C99_005029	0.030456076204695
V3C99_005029	0.0268821369575334
V3C99_005034	0.1696167056134647
V3C99_005035	67.10029885719315
V3C99_005053	2.380552232307237
V3C99_005053	0.2059518557230384
V3C99_005056	0.8674187820489272
V3C99_005060	0.0343828879462971
V3C99_005060	0.0941565196831248
V3C99_005060	0.2046686678680472
V3C99_005060	0.0494305778858543
V3C99_005073	2.055364488396214
V3C99_005078	3.7530080443173097
V3C99_005082	47.8991403317816
V3C99_005101	1484.3280522968394
V3C99_005103	3.482822372762632
V3C99_005104	0.1230990905230215
V3C99_005112	5.862484828815385
V3C99_005133	0.0057997040370151
V3C99_005133	0.0058753136755345
V3C99_005146	0.5614138729386839
V3C99_005160	176.42174280312807
V3C99_005162	0.0631291146005435
V3C99_005244	0.0
V3C99_005245	0.0373904223072085
V3C99_005245	0.0863037581373346
V3C99_005246	0.1624734529725396
V3C99_005260	4.9412183277034165
V3C99_005284	0.0149998044392545
V3C99_005288	0.0080966775265851
V3C99_005291	123.1360704049166
V3C99_005336	0.1306527297466783
V3C99_005399	1.6177197533702252
V3C99_005401	0.0
V3C99_005426	0.0506321795741093
V3C99_005434	0.6144942098200366
V3C99_005434	0.9401194706768669
V3C99_005438	0.0904001065828558
V3C99_005438	4.692857448358302
V3C99_005448	3.182668280236866
V3C99_005458	0.1634401826435356
V3C99_005471	0.3328750389017323
V3C99_005504	0.0925748195736969
V3C99_005516	100.92358467179147
V3C99_005535	7.5799601845025375
V3C99_005561	825.9501220084725
V3C99_005585	0.0305819281351018
V3C99_005586	0.6331323238785029
V3C99_005591	0.0831264124310961
V3C99_005604	0.0182486100090469
V3C99_005604	0.0829599072814993
V3C99_005615	0.0
V3C99_005617	0.4075406304402813
V3C99_005618	3.1180086667647195
V3C99_005619	0.1982543943646952
V3C99_005619	0.0
V3C99_005681	0.2144528777515917
V3C99_005681	0.0194107540046213
V3C99_005682	48.96235234538207
V3C99_005702	0.1806775945124236
V3C99_005703	6.57291754996379
V3C99_005741	0.027968275518595
V3C99_005746	9.51080138265726
V3C99_005752	14.44110160304362
V3C99_005783	165.1677873102446
V3C99_005786	0.852984165129122
V3C99_005794	0.382665401085826
V3C99_005794	4.736831121220591
V3C99_005808	21.608901983044383
V3C99_005832	124.15275061047146
V3C99_005844	0.8209225365861045
V3C99_005874	46.838023701700905
V3C99_005913	0.4864726366192388
V3C99_005913	0.2071619927150197
V3C99_005914	58.89161192294435
V3C99_005914	0.0133411433287581
V3C99_005914	1.6849514291993095
V3C99_005916	19.13974277331712
V3C99_006008	1.269678552564867
V3C99_006014	0.2530607164946378
V3C99_006014	0.0
V3C99_006019	1.4854340437676783
V3C99_006030	0.1924105623886348
V3C99_006057	572.448064987864
V3C99_006058	243.0068048730303
V3C99_006084	10.549439418762915
V3C99_006084	6.780389585792855
V3C99_006110	0.0
V3C99_006122	50.72168103415751
V3C99_006125	23.30113119967087
V3C99_006128	0.1583490736313434
V3C99_006129	4.543496192965502
V3C99_006169	0.0642425046090545
V3C99_006169	0.0221029187310125
V3C99_006170	240.62282614790487
V3C99_006206	0.552834182430519
V3C99_006211	0.6185135163899089
V3C99_006220	2247.783477235005
V3C99_006240	30.21373562939713
V3C99_006278	142.31294860352784
V3C99_006284	3442.9454401737776
V3C99_006308	10.746741442064865
V3C99_006324	3.205273974556156
V3C99_006325	243.5471600448521
V3C99_006326	178.21763196444678
V3C99_006331	1069.9313296708915
V3C99_006339	257.8860467060827
V3C99_006365	56.15067187998188
V3C99_006366	202.4960668354148
V3C99_006374	501.3066592876685
V3C99_006383	0.2070959951515912
V3C99_006384	2.8921559056992794
V3C99_006388	2.3222742722708087
V3C99_006388	0.0545484427333616
V3C99_006396	52.87061227158823
V3C99_006397	0.6635106125404471
V3C99_006399	54.97258632369938
V3C99_006421	3960.8078408018337
V3C99_006463	14.88239352940451
V3C99_006464	1.4176522403657432
V3C99_006487	0.0551186996150144
V3C99_006507	875.2297085035057
V3C99_006534	0.6762418570722963
V3C99_006536	105.51892183029172
V3C99_006553	1530.5838548910924
V3C99_006563	154.71016854128095
V3C99_006581	17.623074504987194
V3C99_006590	1.0301003510034368
V3C99_006593	52.950152118814586
V3C99_006613	19.2874350186267
V3C99_006613	45.77352138225288
V3C99_006615	368.3631079573922
V3C99_006620	0.0503320788995633
V3C99_006636	33.433402940718814
V3C99_006666	0.0469463530324808
V3C99_006669	21.41984012469648
V3C99_006686	497.037347763549
V3C99_006736	0.0117970295175593
V3C99_006763	0.0
V3C99_006797	158.62766786606042
V3C99_006806	0.6651589670673773
V3C99_006811	0.6453969837167453
V3C99_006956	318.3234027797676
V3C99_006957	857.8013094017506
V3C99_006958	65.33951920004205
V3C99_006985	10.62107528650688
V3C99_007019	72.28693456233155
V3C99_007060	461.4102953156862
V3C99_007068	0.0
V3C99_007069	24.204084608779056
V3C99_007090	1238.5577234810069
V3C99_007156	0.2089942761400838
V3C99_007158	0.1997552707075723
V3C99_007160	51.4211121298324
V3C99_007162	2.2027499205789365
V3C99_007180	299.08088249041964
V3C99_007204	0.0
V3C99_007208	0.0575613000217658
V3C99_007208	0.9773985256624204
V3C99_007244	6.849407323270615
V3C99_007281	0.0194432816954002
V3C99_007329	12.285593175713297
V3C99_007329	0.0078809021931736
V3C99_007351	192.48905802535543
V3C99_007365	0.0633122279056921
V3C99_007366	0.3534811848337419
V3C99_007366	0.0129617863912438
V3C99_007367	0.0
V3C99_007420	15.983275628767329
V3C99_007422	53.8493397128986
V3C99_007431	0.0356804453292126
V3C99_007431	0.0044568987974968
V3C99_007437	41.80917027687455
V3C99_007460	163.95214603229996
V3C99_007477	0.5966050279145834
V3C99_007485	0.5093227459254703
V3C99_007491	16.12168643527484
V3C99_007502	4.041096664061646
V3C99_007524	0.0259112623783094
V3C99_007526	31.583047551506745
V3C99_007528	106.54717804803607
V3C99_007536	0.3450680460695444
V3C99_007540	34.97656263658635
V3C99_007562	712.2713434519151
V3C99_007569	37.53843512376992
V3C99_007607	0.4065485368518138
V3C99_007662	571.2923256130528
V3C99_007681	50.20701358673258
V3C99_007710	1.0266994071575235
V3C99_007732	2.9023013211579203
V3C99_007763	2.501861746111262
V3C99_007776	0.3698648674725925
V3C99_007782	17.86301854115046
V3C99_007782	44.28208408383364
V3C99_007839	10.708011912969052
V3C99_007878	53.74570829372012
V3C99_007942	306.55202660676395
V3C99_007948	0.0327999867109928
V3C99_007956	2.0720860814248243
V3C99_007982	6.24125751664639
V3C99_008027	0.518956353306494
V3C99_008033	7.298787533835949
V3C99_008052	12.714861981961043
V3C99_008085	0.1006420796658835
V3C99_008106	76.1984147953537
V3C99_008127	0.005018370955989
V3C99_008127	0.0925231000473339
V3C99_008127	0.0046973691188823
V3C99_008136	1.3230054104570097
V3C99_008139	0.0158317298335509
V3C99_008139	1.0806713130610577
V3C99_008196	0.3213462922316176
V3C99_008215	0.0198042512416495
V3C99_008215	1.2656262501041222
V3C99_008217	37.29355473567895
V3C99_008217	6.979345193485134
V3C99_008229	0.0667976563331654
V3C99_008245	7.986333476197302
V3C99_008255	0.2630965071233261
V3C99_008294	617.5716432793697
V3C99_008305	0.1902716778094011
V3C99_008328	15.520485195015937
V3C99_008333	0.0
V3C99_008333	0.0620039711120659
V3C99_008333	3.424836681033705
V3C99_008366	0.2770079894106969
V3C99_008368	11.324639513015676
V3C99_008382	0.5530658483740386
V3C99_008408	6.67604225333715
V3C99_008432	1.1373060306575171
V3C99_008494	0.2920556367741034
V3C99_008499	3.149494910678274
V3C99_008506	0.6736261798075539
V3C99_008513	0.0483121058272389
V3C99_008516	0.085872634601492
V3C99_008532	1.2962490610821331
V3C99_008535	0.0108904179572097
V3C99_008535	0.5234043984176063
V3C99_008624	193.03473477438385
V3C99_008632	0.1048219191372828
V3C99_008668	0.0885915993051502
V3C99_008670	3083.2967300567566
V3C99_008671	179.36136361249626
V3C99_008702	0.0061105882172606
V3C99_008716	227.17216260201448
V3C99_008742	47.97312785959768
V3C99_008746	0.8465848784395203
V3C99_008793	84.3293403989235
V3C99_008794	47.97804787477613
V3C99_008800	85.09532396630536
V3C99_008847	0.008141773680018
V3C99_008853	1.2103994624762413
V3C99_008856	109.76283470960507
V3C99_008875	0.0090811753190551
V3C99_008877	896.1838926581693
V3C99_008878	216.71375269321248
V3C99_008910	313.7845381013028
V3C99_008956	0.1900320766078066
V3C99_008956	0.050985843080578
V3C99_008957	0.0188663952098509
V3C99_008957	0.0196612496696012
V3C99_008957	0.9758681716044229
V3C99_009003	0.0065148035994022
V3C99_009003	0.4246625905004503
V3C99_009070	28.69614565397912
V3C99_009075	3.276221262443664
V3C99_009119	54.21806388863068
V3C99_009138	0.4783205126760265
V3C99_009160	154.71347177013115
V3C99_009162	0.4684230091137766
V3C99_009167	0.0417490993599357
V3C99_009173	0.0551016002913945
V3C99_009173	0.008295872173591
V3C99_009210	61.19994825491681
V3C99_009211	14.135820830233229
V3C99_009212	0.0
V3C99_009212	0.0
V3C99_009213	0.0079310652514462
V3C99_009232	511.47035078558486
V3C99_009242	34.23670170026098
V3C99_009248	68.95040122075234
V3C99_009250	0.6893395679023284
V3C99_009264	0.0403567835821023
V3C99_009268	0.605638910696015
V3C99_009272	0.4776587987475149
V3C99_009272	0.0266254453255196
V3C99_009272	0.0456784564651144
V3C99_009305	0.0281333011858273
V3C99_009305	2.355739812573136
V3C99_009305	0.0864356454951305
V3C99_009305	0.0068283502966996
V3C99_009305	0.3545889487294255
V3C99_009309	0.5138197678174193
V3C99_009310	2.167666129051508
V3C99_009312	0.1885705006850365
V3C99_009320	5.184549594175663
V3C99_009328	0.0858390155481935
V3C99_009340	0.095403346912244
V3C99_009343	12.03589406833467
V3C99_009343	0.0094657791566832
V3C99_009365	2186.893351542578
V3C99_009366	127.78807581648344
V3C99_009369	11.253492846804448
V3C99_009373	62.603328809521294
V3C99_009399	69.47923453029065
V3C99_009409	0.2004290493956924
V3C99_009409	0.0083801582564902
V3C99_009415	115.38954215216684
V3C99_009426	0.0
V3C99_009436	8.395718657786167
V3C99_009466	5.0742269823512745
V3C99_009481	3.2867613028114624
V3C99_009482	1.409366163862938
V3C99_009500	25.329344874934616
V3C99_009504	0.0573389520833
V3C99_009538	0.0680493700107743
V3C99_009590	0.1979481338715724
V3C99_009590	0.022265780824813
V3C99_009634	0.0
V3C99_009636	0.7530483324222544
V3C99_009636	1.0070408281252292
V3C99_009637	0.1798461193159279
V3C99_009645	100.23670347150907
V3C99_009664	76.29687371139829
V3C99_009670	113.76854569968958
V3C99_009671	30.56517026259699
V3C99_009686	0.0073702828599298
V3C99_009717	11.23971206054827
V3C99_009732	8.931333643092715
V3C99_009746	0.5869296738294538
V3C99_009799	1.5467768858554534
V3C99_009801	0.3077260277226692
V3C99_009802	1.6376593212734258
V3C99_009811	0.1053255522053711
V3C99_009828	0.2150476434095073
V3C99_009837	1.0165215311263482
V3C99_009904	277.09527276833234
V3C99_009911	75.0237175214624
V3C99_009915	311.8979020633593
V3C99_009916	0.2726862117552279
V3C99_009936	0.8118726213434694
V3C99_009936	0.5494632582237906
V3C99_009939	0.0031949161938686
V3C99_009945	0.0
V3C99_009973	484.7023542619917
V3C99_009992	0.0956398454440946
V3C99_009999	3554.286734986645
V3C99_010000	0.8438522601810399
V3C99_010050	0.0070938972526824
V3C99_010057	0.0528984308804149
V3C99_010057	1.0431963074139137
V3C99_010078	0.0733657569583909
V3C99_010078	0.0
V3C99_010158	4.810609604548451
V3C99_010158	0.4501300920795633
V3C99_010180	51.89708102902855
V3C99_010182	43.26484266062848
V3C99_010184	10.894459216648642
V3C99_010186	161.03103503255022
V3C99_010197	0.0823036854514566
V3C99_010198	5.5973745576518565
V3C99_010200	1.5768626636516394
V3C99_010263	3.77308056029379
V3C99_010272	6.8311224165095
V3C99_010277	485.8233493379572
V3C99_010278	30.397385324009708
V3C99_010285	0.5032050781670376
V3C99_010290	8.679851935743853
V3C99_010325	114.63185925880232
V3C99_010365	0.0
V3C99_010365	0.0164760990731073
V3C99_010368	0.0074487392494104
V3C99_010368	97.48386458478736
V3C99_010370	191.88553591224093
V3C99_010370	0.2287822195879533
V3C99_010370	0.2080942697190419
V3C99_010370	0.2625020373319795
V3C99_010370	0.2265359157252578
V3C99_010406	259.8269749011223
V3C99_010437	15.884906580944286
V3C99_010446	0.1898015129131952
V3C99_010446	0.1368772358299192
V3C99_010482	0.7654355599791012
V3C99_010484	200.6200191776087
V3C99_010488	1.3842388724195116
V3C99_010495	10.78036997740631
V3C99_010495	1.9712999972605536
V3C99_010508	0.7410272861449675
V3C99_010555	843.6624725316365
V3C99_010571	31.102841588225324
V3C99_010602	0.2615789812422839
V3C99_010648	0.0582241999074702
V3C99_010675	28.99086048285316
V3C99_010684	0.0057909365328019
V3C99_010684	0.0126113728936576
V3C99_010686	0.0079351442540066
V3C99_010686	0.0064067789012329
V3C99_010736	41.00912846223686
V3C99_010760	0.0030816718847962
V3C99_010760	0.3680621344101964
V3C99_010763	326.15655523178856
V3C99_010796	0.7271750246029267
V3C99_010815	996.6725203052748
V3C99_010853	0.3012952169024189
V3C99_010854	0.0830366210597822
V3C99_010855	4.1676381834171465
V3C99_010856	7.479122866585025
V3C99_010862	59.53722316991068
V3C99_010875	0.0250986951607388
V3C99_010886	0.0652613826040216
V3C99_010886	10.40653344787012
V3C99_010919	0.4163610093657577
V3C99_010919	0.0294194088266536
V3C99_010919	0.0101274408894871
V3C99_010940	32.56725572856664
V3C99_010943	140.5466379988439
V3C99_010964	48.86023307903256
V3C99_010971	279.7520445447281
V3C99_010977	43.49970072223746
V3C99_011000	0.0505418120962742
V3C99_011012	0.100332451062871
V3C99_011012	0.0
V3C99_011026	101.32562716984518
V3C99_011053	0.0304302058305484
V3C99_011137	1657.799110348996
V3C99_011160	46.02797940376915
V3C99_011188	139.07341355786113
V3C99_011208	0.0127047429074863
V3C99_011220	4.607122150710023
V3C99_011227	142.00789317009963
V3C99_011242	696.7549811513946
V3C99_011273	30.893900323556743
V3C99_011275	34.06073842843786
V3C99_011361	441.05778714933626
V3C99_011365	0.3983265702701388
V3C99_011366	0.0
V3C99_011368	0.0507549946278232
V3C99_011369	0.0
V3C99_011370	0.0
V3C99_011371	0.0490981196728001
V3C99_011372	0.0
V3C99_011381	0.0
V3C99_011419	1.4460319503933263
V3C99_011432	175.70250705439372
V3C99_011481	85.171938746077
V3C99_011624	2.081600150385957
V3C99_011646	0.0
V3C99_011666	0.0
V3C99_011667	126.00329741467657
V3C99_011675	24.45967132459295
V3C99_011675	0.0588916923949393
V3C99_011680	302.7975528425224
V3C99_011683	655.1755695815975
V3C99_011690	1.8073421127483789
V3C99_011694	2.9057066968173317
V3C99_011705	0.0060160259386706
V3C99_011766	40.699084927980095
V3C99_011767	0.081288687680463
V3C99_011790	0.0268501815295006
V3C99_011823	34.74709322865992
V3C99_011863	100.19158496318772
V3C99_011883	2.827705413965458
V3C99_011898	19.215779977624013
V3C99_011950	127.52899444951376
V3C99_012046	458.9343970911086
V3C99_012047	101.9577781144348
V3C99_012063	0.1773720884180399
V3C99_012080	0.0132204723503572
V3C99_012080	0.0201010032522461
V3C99_012156	404.106114277942
V3C99_012238	2.758803044451826
V3C99_012238	0.4670093483188545
V3C99_012261	250.35359451322907
V3C99_012297	88.35571984436761
V3C99_012318	16.425199728627188
V3C99_012330	387.2085677121974
V3C99_012365	0.2382665010587155
V3C99_012367	16.298162235197008
V3C99_012386	741.5634071761561
V3C99_012447	703.6561567857389
V3C99_012481	175.14003475626546
V3C99_012487	0.3319095783599865
V3C99_012495	68.46050088293833
V3C99_012522	0.0403153946044683
V3C99_012602	1.2005480421357022
V3C99_012636	2.0930283032118533
V3C99_012644	217.1914013936957
V3C99_012647	1.449817918546723
V3C99_012650	201.9909263433292
V3C99_012661	0.221229538570608
V3C99_012705	0.1372302578459492
V3C99_012705	1.4745337076981526
V3C99_012721	0.096721027210477
V3C99_012721	0.0
V3C99_012725	0.0070855945792864
V3C99_012725	0.7600279795468696
V3C99_012739	159.69839341332184
V3C99_012772	92.21706492640904
V3C99_012772	20.57756049998539
V3C99_012774	249.92683818470232
V3C99_012784	15.102869963836858
V3C99_012793	2.590177801761339
V3C99_012808	29.886243283850927
V3C99_012815	0.0941763960936684
V3C99_012834	0.5406238662559338
V3C99_012834	0.0449604149396299
V3C99_012834	3.176792188681432
V3C99_012859	33.412737680640106
V3C99_012881	31.436261921462798
V3C99_012882	2.1079667681386223
V3C99_012882	9.87066217858832
V3C99_012882	0.0113125271803573
V3C99_012893	0.2698000578009126
V3C99_012920	2.6392365985081545
V3C99_012921	16.157383873845802
V3C99_012922	254.3157514854988
V3C99_012929	35.69494833884406
V3C99_012940	0.588324209915225
V3C99_012940	30.27825416487137
V3C99_012941	6.036514224967224
V3C99_012971	0.8836630010340905
V3C99_013029	1.4623979754575196
V3C99_013063	268.77815883052244
V3C99_013070	232.68487090477245
V3C99_013071	43.79801302067092
V3C99_013072	52.745370544862745
V3C99_013074	0.1717295892272317
V3C99_013139	0.4909693153274616
V3C99_013147	50.46452818252073
V3C99_013149	331.0354824806062
V3C99_013164	14.770701924778674
V3C99_013172	0.0466539554243041
V3C99_013172	2.1146646749532514
V3C99_013194	0.1487605362149641
V3C99_013194	0.0
V3C99_013206	122.96174390293017
V3C99_013207	338.600790453256
V3C99_013209	1.089962065133308
V3C99_013229	0.0624470441633801
V3C99_013232	0.8327241005492573
V3C99_013240	0.5840461311390134
V3C99_013254	30.55277449821393
V3C99_013265	234.01517572599343
V3C99_013268	0.9332280027494362
V3C99_013269	0.0188568970093485
V3C99_013281	0.0
V3C99_013281	0.0885712026924512
V3C99_013298	2.1922238704933474
V3C99_013305	4.545986339896372
V3C99_013328	0.0270767318064896
V3C99_013341	0.0209865411638978
V3C99_013343	3.0938466496674235
V3C99_013359	8.246046042456975
V3C99_013368	0.5771230564418853
V3C99_013370	0.3890931700110374
V3C99_013371	188.6581936132885
V3C99_013385	5.583373691808764
V3C99_013385	4.203953521352795
V3C99_013385	4.1025335704003405
V3C99_013393	1.2620161861297632
V3C99_013404	15.176907905027033
V3C99_013411	109.61393882906243
V3C99_013429	133.23966241293368
V3C99_013433	1491.2572097658078
V3C99_013470	25.859488971153944
V3C99_013492	0.2279327657570183
V3C99_013492	4.492571148279859
V3C99_013492	0.103145426836745
V3C99_013502	32.59872093745151
V3C99_013504	97.88747296108389
V3C99_013510	187.73379430984284
V3C99_013517	0.1043803883986877
V3C99_013519	15.156776481460838
V3C99_013519	0.0975946605326454
V3C99_013569	0.0
V3C99_013570	0.0075780504776429
V3C99_013570	0.0426364131612582
V3C99_013570	0.0
V3C99_013592	0.075145456405638
V3C99_013632	204.13598474569008
V3C99_013633	3.645919613620742
V3C99_013637	314.0081540051038
V3C99_013639	0.0271681171379327
V3C99_013640	0.2030625120259392
V3C99_013640	0.0412667399622344
V3C99_013641	0.1835761935606404
V3C99_013654	10.22791843019268
V3C99_013659	4863.115148122302
V3C99_013666	2.377794467087947
V3C99_013677	36.824705471820806
V3C99_013685	0.2905173761061468
V3C99_013685	0.0
V3C99_013685	0.3970700977603926
V3C99_013686	9.651643281701874
V3C99_013687	31.774586342392368
V3C99_013759	12.489219970663054
V3C99_013794	0.2137215519246812
V3C99_013833	0.1559442419799148
V3C99_013849	7.871416777016939
V3C99_013856	0.0
V3C99_013858	0.0
V3C99_013863	0.0063317430023942
V3C99_013865	0.005966829464873
V3C99_013865	0.0490055707575688
V3C99_013872	0.3183266178006044
V3C99_013879	2.226494121504142
V3C99_013879	22.570664424461043
V3C99_013887	22.62131195832285
V3C99_013894	0.139209644048203
V3C99_013905	69.79307149761958
V3C99_013907	0.4350959846603695
V3C99_013909	0.0048736698682551
V3C99_013935	0.0
V3C99_013935	29.35309603003432
V3C99_013936	344.52804938674086
V3C99_013941	3.193728199506442
V3C99_013957	25.89110641243245
V3C99_014060	228.0211281415153
V3C99_014162	3.005849324432264
V3C99_014279	2.845583705356292
V3C99_014280	0.8548929897643118
V3C99_014311	0.0875521885189035
V3C99_014322	21.160797695562813
V3C99_014324	28.70658556092544
V3C99_014325	0.0068101413625751
V3C99_014358	104.88593429927748
V3C99_014399	1.9481288580687683
V3C99_014409	4.657794286607771
V3C99_014417	4.612117834736647
V3C99_014438	10.927617961147918
V3C99_014447	1.3314238171429054
V3C99_014480	39.84989940957567
V3C99_014481	0.0
V3C99_014572	0.2160270652152235
V3C99_014572	2.5661336200032068
V3C99_014582	0.8257821310025069
V3C99_014604	36.23919543924095
V3C99_014609	0.0534976429827111
V3C99_014631	0.0
V3C99_014667	11.847120326284106
V3C99_014689	140.26613202537027
V3C99_014698	26.59404585920659
V3C99_014710	0.0063140764384866
V3C99_014711	0.993593700846433
V3C99_014714	1.553246358891315
V3C99_014716	1.7665431563814968
V3C99_014716	2.6663059453738933
V3C99_014729	0.0664806288508766
V3C99_014755	43.89772331750713
V3C99_014798	259.5151749959824
V3C99_014839	0.00478538977695
V3C99_014839	0.0
V3C99_014882	0.5179796363513257
V3C99_014903	0.0862985179300772
V3C99_014905	472.68736301577
V3C99_014928	0.0911113539378063
V3C99_014928	2.504132971693556
V3C99_014928	0.0363087990776939
V3C99_014944	0.0
V3C99_014944	0.0771836516228296
V3C99_014962	0.0361386172592709
V3C99_014990	0.0253532013125599
V3C99_014992	156.36292709168097
V3C99_015025	5.143869753795798
V3C99_015027	178.3204853036413
V3C99_015041	0.0
V3C99_015056	0.0
V3C99_015056	21.986648143628617
V3C99_015056	0.6996226234697365
V3C99_015056	4.449266740033579
V3C99_015059	3.891563420718848
V3C99_015059	0.0125362082173726
V3C99_015059	0.7806763936896118
V3C99_015059	0.0
V3C99_015081	9.256898815417514
V3C99_015086	0.0879917774437427
V3C99_015092	0.5062938121896297
V3C99_015092	0.950107215720054
V3C99_015095	5.578924426794831
V3C99_015097	2.6520262996285933
V3C99_015149	0.6633723918441589
V3C99_015153	0.0358060525737635
V3C99_015161	60.49656667428503
V3C99_015162	0.199056768912749
V3C99_015162	3.204609300978463
V3C99_015195	0.1902672176152331
V3C99_015200	3.079153208633028
V3C99_015200	0.1280523879661478
V3C99_015223	2.84899550836848
V3C99_015223	0.0
V3C99_015227	0.0086423113738263
V3C99_015227	0.1421381841890098
V3C99_015236	10.666114740950896
V3C99_015237	0.0
V3C99_015237	0.0077623191822664
V3C99_015246	0.2534629161691957
V3C99_015252	1.2781612363722603
V3C99_015297	1.0334954488342258
V3C99_015300	6.724149123541445
V3C99_015302	0.1306768062921469
V3C99_015308	125.31765509954732
V3C99_015362	0.0
V3C99_015392	0.0
V3C99_015392	0.394434001766535
V3C99_015392	0.1385213451021499
V3C99_015458	0.0280546099940039
V3C99_015469	0.0060999303979199
V3C99_015521	1175.710006941673
V3C99_015526	0.7613786573257354
V3C99_015549	76.96215325114953
V3C99_015552	269.876742764072
V3C99_015570	312.0035051886558
V3C99_015632	5.66387652314301
V3C99_015637	784.9884238574681
V3C99_015651	0.0832626324673814
V3C99_015739	0.0046208739643528
V3C99_015776	53.66828011173391
V3C99_015780	0.8931115010374749
V3C99_015782	0.1203249921530437
V3C99_015840	8.578408018138193
V3C99_015853	0.5190645246480569
V3C99_015866	0.573752758309712
V3C99_015869	4.987753164189204
V3C99_015901	0.5585311857280918
V3C99_015902	2.943467264694393
V3C99_015968	60.848464970188
V3C99_015995	10.489722546306702
V3C99_016005	0.8077035937108396
V3C99_016014	0.0487370171338487
V3C99_016015	0.1828977306354655
V3C99_016015	0.1173956041114578
V3C99_016051	0.6560308895072163
V3C99_016053	95.67467202635888
V3C99_016068	0.2346871582852398
V3C99_016089	34.10773570206145
V3C99_016113	0.7136409749448165
V3C99_016117	34.48902904565708
V3C99_016168	0.0193469925073157
V3C99_016193	27.549775947977174
V3C99_016257	138.85471957268058
V3C99_016268	9.127458231927108
V3C99_016270	7.381360898755854
V3C99_016271	4.312966834557134
V3C99_016271	0.4436264974558459
V3C99_016290	86.51481176771466
V3C99_016414	70.70813110731416
V3C99_016419	0.1129624585580863
V3C99_016511	45.54984452366229
V3C99_016521	1.9968403893906048
V3C99_016521	0.0472926483512162
V3C99_016521	0.0545650070261344
V3C99_016534	75.21826346990338
V3C99_016537	0.7383741179760851
V3C99_016551	4.536450030870337
V3C99_016551	0.0848560365420683
V3C99_016608	0.4303834442698149
V3C99_016644	0.0080140261850387
V3C99_016650	1.4124855792128042
V3C99_016668	113.17596893518264
V3C99_016689	0.0413342243841649
V3C99_016773	79.46230278100438
V3C99_016776	0.2330529176126346
V3C99_016837	69.26770187619356
V3C99_016899	47.74696563864231
V3C99_016930	0.0425863289195248
V3C99_016930	2.5682475104689413
V3C99_016974	1726.8233405212925
V3C99_017008	100.64396039059284
V3C99_017062	380.9436492192228
V3C99_017083	10.97745754611576
V3C99_017083	15.8572520980462
V3C99_017084	0.0056371717638599
V3C99_017086	0.0049878965057923
V3C99_017147	108.75718236431244
V3C99_017153	207.48316450884928
V3C99_017154	59.06577320668206
V3C99_017173	0.1128992575200442
V3C99_017203	12.49109058198459
V3C99_017204	1002.6092599075886
V3C99_017207	230.4355611241668
V3C99_017215	14.498496940111128
V3C99_017215	49.39383372213989
V3C99_017241	1296.321362309165
V3C99_017279	0.0251709448882407
V3C99_017290	38.72485371156049
V3C99_017303	14.510114920063105
V3C99_017304	74.19814384318303
V3C99_017307	0.0
V3C99_017328	55.99769182937564
V3C99_017331	0.0161983018877618
V3C99_017350	209.72749250825208
V3C99_017359	17.404703374425512
V3C99_017360	0.0118353383618388
V3C99_017362	0.6805802771211201
V3C99_017371	148.90307200720332
V3C99_017395	0.179009534418934
V3C99_017395	1.2316049390495492
V3C99_017408	0.1819062676688733
V3C99_017416	28.38180556765615
V3C99_017451	150.25423533975084
V3C99_017456	567.7985313626655
V3C99_017463	37.183346030382864
V3C99_017492	0.4481286591280002
V3C99_017521	10.353313515704423
V3C99_017521	0.2920949187479668
V3C99_017568	0.0538057852905037
V3C99_017568	141.94606897274093
V3C99_017569	5.67701336292647
V3C99_017569	0.3097915639718795
V3C99_017588	15.881234255899646
V3C99_017612	0.0174202115345544
V3C99_017615	5.095060699169675
V3C99_017648	0.0731597585801118
V3C99_017659	1.2393257559780797
V3C99_017660	1.8338004475686924
V3C99_017662	8.8463718518441
V3C99_017689	41.13012726625829
V3C99_017691	0.1139330890158562
V3C99_017760	0.1224508621760301
V3C99_017761	0.0938853506433486
V3C99_017761	0.0
V3C99_017762	6.339033683321792
V3C99_017762	0.4806138125544794
V3C99_017770	2.4506188667668907
V3C99_017838	44.96783281464416
V3C99_017982	39.67104775064727
V3C99_017982	0.2913730600279871
V3C99_018096	20.51383112136104
V3C99_018096	1.3636609311306698
V3C99_018295	1.2726314280539068
V3C99_018295	0.4386585078397054
V3C99_018295	2.5705867669577547
V3C99_018421	0.3792978399016863
V3C99_018421	0.0069832312784349
V3C99_018498	4090.283213151976
V3C99_018559	0.0161402713241122
V3C99_018691	2.284405504416152
V3C99_018691	0.0968689902400613
V3C99_018725	461.6379991310733
V3C99_018763	0.152003621150413
V3C99_018763	7.987571190754104
V3C99_018801	213.22816940547148
V3C99_018865	0.3018031634286807
V3C99_018879	0.6068109319400626
V3C99_018880	0.0040472313961421
V3C99_018898	2805.0290038577728
V3C99_018898	51.744435360265726
V3C99_018905	108.63663854855952
V3C99_018914	253.2392091659766
V3C99_018923	6.237616052042984
V3C99_018926	42.42344350614237
V3C99_018939	2.5357332040689897
V3C99_018949	279.1486105582218
V3C99_018964	0.3928415732721282
V3C99_018966	0.0
V3C99_018967	1625.691099862269
V3C99_018973	112.72490055125512
V3C99_018979	477.8981260648704
V3C99_018984	0.011378244899855
V3C99_019004	32.70728176149569
V3C99_019038	0.0
V3C99_019038	142.65785366913613
V3C99_019066	105.7653318106531
V3C99_019068	0.0151929450671179
V3C99_019077	4.206233705977268
V3C99_019083	1.4325600599678527
V3C99_019087	1.53942238923641
V3C99_019105	0.3809113898493455
V3C99_019109	0.9292574687858888
V3C99_019111	1.274985994836584
V3C99_019115	0.7279580545271342
V3C99_019115	11.199886529396837
V3C99_019117	801.4761043067512
V3C99_019165	227.60823198157183
V3C99_019170	54.87294089746863
V3C99_019171	0.3798272966550643
V3C99_019186	1258.4871548501542
V3C99_019188	0.1966504713473898
V3C99_019223	14.536899882683317
V3C99_019223	9.619032972419326
V3C99_019229	1.0083520509696704
V3C99_019229	0.1654712771100246
