V3C99_000006	151.80811311644985
V3C99_000022	0.0
V3C99_000041	0.438358289931172
V3C99_000078	0.2576787465967615
V3C99_000085	0.018248574051094
V3C99_000087	305.1415917491226
V3C99_000116	0.941867660775224
V3C99_000121	128.29900056413206
V3C99_000123	285.4162358015593
V3C99_000124	0.0
V3C99_000132	3.298049627611489
V3C99_000152	0.0252672563784379
V3C99_000153	1.8595891131436129
V3C99_000156	0.1365227684189073
V3C99_000162	10.826302308966504
V3C99_000186	132.21792900037806
V3C99_000194	0.0
V3C99_000226	15.115813587796938
V3C99_000296	0.0
V3C99_000296	0.0
V3C99_000306	12.299576005903656
V3C99_000311	392.8020692670741
V3C99_000312	438.9831859433716
V3C99_000313	151.7830762958558
V3C99_000351	2.0217343269678505
V3C99_000358	0.0099094427681215
V3C99_000381	115.3994292414115
V3C99_000399	12.30816707270728
V3C99_000456	0.2042343108504172
V3C99_000456	0.3244186683191985
V3C99_000456	0.903613687915895
V3C99_000456	0.1042575652486409
V3C99_000500	0.0
V3C99_000507	127.49700600718916
V3C99_000580	0.018105804268333
V3C99_000580	28.438700503049784
V3C99_000580	9.673205315010089
V3C99_000596	42.42594212257169
V3C99_000621	4.042600980942373
V3C99_000626	0.2349332960161696
V3C99_000669	0.9151394769725176
V3C99_000675	16.170537106710643
V3C99_000685	34.05397297010962
V3C99_000700	0.0
V3C99_000727	0.0636883494439433
V3C99_000731	5.294237001519673
V3C99_000734	3.8929161250049806
V3C99_000734	0.0
V3C99_000751	60.58617775447309
V3C99_000755	0.2226400157552611
V3C99_000755	0.0
V3C99_000755	0.0
V3C99_000756	5.550806478656159
V3C99_000756	0.0
V3C99_000756	1.7500980738165195
V3C99_000756	0.9503927674124872
V3C99_000765	70.258692061605
V3C99_000785	5.406072218380326
V3C99_000787	3.176553111469901
V3C99_000789	0.0
V3C99_000789	0.4055283547503125
V3C99_000818	0.2299941604847349
V3C99_000883	1035.2659213356544
V3C99_000888	211.07383755666905
V3C99_000895	0.0487998196678859
V3C99_000952	4.77102960411343
V3C99_000981	0.0468972042440633
V3C99_000989	0.5742974933570757
V3C99_000993	0.0153409429922117
V3C99_000999	21.45410608537961
V3C99_001006	0.4720219834348036
V3C99_001014	1.982778818492164
V3C99_001028	0.0
V3C99_001032	168.1369012449774
V3C99_001033	40.66805441376642
V3C99_001060	3.9002523969254006
V3C99_001117	0.0
V3C99_001117	0.464335437902178
V3C99_001118	1.6905235149324254
V3C99_001129	0.1471849648537276
V3C99_001130	0.4347825839029637
V3C99_001141	0.0
V3C99_001163	0.0140022397450455
V3C99_001174	0.015249034367258
V3C99_001177	33.62830012851886
V3C99_001182	0.0
V3C99_001197	0.0
V3C99_001230	0.3352727069500909
V3C99_001231	0.8109669854046176
V3C99_001231	0.0519358929042214
V3C99_001242	3.631903995869632
V3C99_001244	183.2802941863379
V3C99_001264	80.59573156052966
V3C99_001270	86.73894980754024
V3C99_001274	468.1726109078483
V3C99_001284	225.076568942608
V3C99_001285	0.7276319520425992
V3C99_001303	0.7721249502988318
V3C99_001315	0.0583352321432019
V3C99_001316	156.35768348829424
V3C99_001327	10.419733761721533
V3C99_001342	0.0
V3C99_001342	0.0
V3C99_001347	4.153331757783908
V3C99_001347	2.1057109275418564
V3C99_001358	155.31492563647248
V3C99_001377	0.2735125872580766
V3C99_001377	0.0
V3C99_001377	5.731753454643417
V3C99_001399	0.0
V3C99_001401	0.0
V3C99_001404	86.16763992447721
V3C99_001405	1038.9827331849715
V3C99_001429	0.0927909105862074
V3C99_001435	140.72829691529748
V3C99_001447	0.0539001304624994
V3C99_001447	0.8603926630082692
V3C99_001452	0.0
V3C99_001454	679.5044184734245
V3C99_001456	0.0
V3C99_001484	0.0362917007454248
V3C99_001526	1.1241652217101794
V3C99_001528	27.94250249743443
V3C99_001529	90.32732797649986
V3C99_001552	0.1082171510682533
V3C99_001557	1.1174828277654627
V3C99_001557	0.7119597898205344
V3C99_001557	0.5315634348642982
V3C99_001590	0.0
V3C99_001590	0.5276559254789436
V3C99_001590	0.0
V3C99_001595	0.0
V3C99_001596	2.6397566809162707
V3C99_001632	36.70702949045907
V3C99_001635	70.37493502856034
V3C99_001636	0.0
V3C99_001636	0.0
V3C99_001680	0.0
V3C99_001680	1.7628671857673277
V3C99_001682	3.9964428471048654
V3C99_001682	3.3694815051902203
V3C99_001710	408.9912703864066
V3C99_001712	0.4079336483272089
V3C99_001712	0.5043268440563676
V3C99_001712	1.6628584079491535
V3C99_001739	156.10937042437976
V3C99_001740	389.1337577880449
V3C99_001743	0.0032840698684272
V3C99_001743	0.2255980434098025
V3C99_001756	23.54072596442453
V3C99_001757	0.0
V3C99_001770	0.0
V3C99_001770	5.379847989196729
V3C99_001773	0.0
V3C99_001794	0.0
V3C99_001796	0.4257006067806244
V3C99_001796	0.0335398693033942
V3C99_001796	9.072137509299727
V3C99_001800	38.82015774324722
V3C99_001827	0.0
V3C99_001850	8.743034407951422
V3C99_001866	0.0
V3C99_001866	0.0
V3C99_001866	0.2781424464815356
V3C99_001868	0.0
V3C99_001869	2.200452733743548
V3C99_001885	0.0
V3C99_001889	25.969777527888027
V3C99_001890	10.657046494240042
V3C99_001891	0.0
V3C99_001896	73.94499655198312
V3C99_001897	21.9832393976292
V3C99_001898	0.0
V3C99_001898	0.0413066420366817
V3C99_001898	0.0407355824693543
V3C99_001902	7.652083193654465
V3C99_001910	5.381378458174546
V3C99_001939	0.0
V3C99_001940	0.1584194943378572
V3C99_001953	1.7585622927475004
V3C99_001956	0.2665212481160774
V3C99_001972	0.1728166411960804
V3C99_001973	289.80212702055496
V3C99_001984	0.988016654321036
V3C99_001984	1.6146457351845689
V3C99_001984	0.2743576421425241
V3C99_001992	0.0215717441872692
V3C99_001992	0.0083947021802943
V3C99_002018	1.9593633176860348
V3C99_002020	122.19463299209072
V3C99_002024	0.4953371250010194
V3C99_002064	8.228616049565005
V3C99_002102	0.0
V3C99_002102	0.1549608235515104
V3C99_002103	6.757235657458427
V3C99_002104	0.3266739530191325
V3C99_002105	8.210455522576344
V3C99_002105	1.258993230430066
V3C99_002108	0.0855894433776419
V3C99_002109	30.09570326489417
V3C99_002110	0.1762812408483804
V3C99_002110	0.0121283017525633
V3C99_002110	0.7876953437575374
V3C99_002110	0.6464812041119127
V3C99_002119	207.78819450752067
V3C99_002188	0.0443589901035713
V3C99_002224	368.2413059058474
V3C99_002259	347.94432964093403
V3C99_002273	0.0
V3C99_002294	2.3787859490168795
V3C99_002295	0.0
V3C99_002301	0.0
V3C99_002302	9.529607812624649
V3C99_002320	6.88687822715717
V3C99_002346	2.114026227627986
V3C99_002357	0.0
V3C99_002357	0.0
V3C99_002367	115.10690996145838
V3C99_002372	0.5100357330825981
V3C99_002383	16030.127551090884
V3C99_002403	2.8896050712058323
V3C99_002428	694.2191176982734
V3C99_002432	0.0174003833228135
V3C99_002443	8.80209437408215
V3C99_002445	50.96863271375876
V3C99_002448	0.0
V3C99_002456	0.8131632399749789
V3C99_002457	16.067846377946182
V3C99_002457	16.72166975752473
V3C99_002461	276.16865936892543
V3C99_002467	2.381494026165464
V3C99_002470	0.0
V3C99_002470	0.0
V3C99_002470	0.2613393134257005
V3C99_002471	39.10166926334966
V3C99_002471	0.3682270484851658
V3C99_002471	0.0
V3C99_002491	32.504035353590915
V3C99_002506	18.92975986276609
V3C99_002532	0.2010816671919703
V3C99_002542	49.78362836513325
V3C99_002548	1.5725524404572395
V3C99_002548	16.91057731324632
V3C99_002559	7.854849392388815
V3C99_002562	1.1824597877837644
V3C99_002578	1369.3868110410467
V3C99_002586	0.0821540747167922
V3C99_002586	0.7646218746738082
V3C99_002592	0.0071479848596522
V3C99_002598	302.78202363070847
V3C99_002654	0.0301803805185315
V3C99_002661	0.0213824098138674
V3C99_002661	0.119721053423818
V3C99_002683	0.0270324813328743
V3C99_002685	3.9406219338653656
V3C99_002695	1.2703224372097728
V3C99_002728	10.152817043146516
V3C99_002738	4.767167035453795
V3C99_002756	0.3012738183882134
V3C99_002761	71.05302180813668
V3C99_002766	0.5534744380109382
V3C99_002767	0.3053020429768562
V3C99_002767	1.1817737561513253
V3C99_002769	6.494239783781178
V3C99_002776	545.8885985186334
V3C99_002790	13.019489944641562
V3C99_002801	0.3144205388518599
V3C99_002802	1.1715564377339789
V3C99_002802	1.6081361153489862
V3C99_002815	1.1762498779777983
V3C99_002824	39.58283313032495
V3C99_002827	2.7751648166817127
V3C99_002827	0.0
V3C99_002838	0.0549613765545071
V3C99_002839	0.7286506590077829
V3C99_002842	0.3071538481546037
V3C99_002878	1.5247315981786544
V3C99_002881	0.1887420449066492
V3C99_002895	226.1019025097311
V3C99_002919	0.0841105796614625
V3C99_002924	297.89052950872946
V3C99_002931	15.359579869678589
V3C99_002944	0.0
V3C99_002979	240.1262607231172
V3C99_002996	68.12382187491416
V3C99_003014	177.0363459015854
V3C99_003031	7.0974419116568255
V3C99_003031	4.524916565042751
V3C99_003049	50.99662134297546
V3C99_003055	3.288325548572877
V3C99_003056	163.87798925934828
V3C99_003065	6.85892831590582
V3C99_003090	0.294316759370254
V3C99_003103	70.48849161267903
V3C99_003135	441.27598124750745
V3C99_003138	723.2474374369085
V3C99_003146	109.80593163738082
V3C99_003155	0.3511582580387616
V3C99_003155	111.81117119895052
V3C99_003178	0.0
V3C99_003178	49.88777805288129
V3C99_003194	19.44143939724604
V3C99_003195	0.0
V3C99_003195	0.0
V3C99_003218	41.69035900046961
V3C99_003223	0.0
V3C99_003228	0.0311231287358239
V3C99_003228	1.9740644451959828
V3C99_003238	3.7919966185524414
V3C99_003240	249.78378297904283
V3C99_003241	1.4531508348250652
V3C99_003243	35.09303263212366
V3C99_003243	49.676149413213125
V3C99_003269	0.6628041497359518
V3C99_003269	0.0730449166607974
V3C99_003274	0.0917283821229625
V3C99_003299	0.8674847169757127
V3C99_003299	0.0
V3C99_003304	10.444122712565385
V3C99_003307	15.335858343637748
V3C99_003314	0.5185997894819919
V3C99_003315	5.858198094828076
V3C99_003357	7.436221092355478
V3C99_003364	38.10802122684023
V3C99_003365	8.351923175284107
V3C99_003365	0.4823908042873414
V3C99_003365	3.479026351339773
V3C99_003365	9.624414144414608
V3C99_003376	4.484900206804632
V3C99_003379	0.080228064653222
V3C99_003394	1.3970193358689829
V3C99_003425	0.0768662730073904
V3C99_003430	376.0178536061098
V3C99_003469	439.4904249283279
V3C99_003472	0.3570054998329201
V3C99_003476	23.24050276130122
V3C99_003484	0.3503661236191859
V3C99_003487	14.610165109022937
V3C99_003492	81.65548067382362
V3C99_003511	0.0620973343771121
V3C99_003520	1.344208921789627
V3C99_003520	0.0
V3C99_003539	0.1964233537076552
V3C99_003577	1383.471997470823
V3C99_003597	790.0266136660067
V3C99_003601	114.6464735533145
V3C99_003607	165.6498339939125
V3C99_003608	0.0
V3C99_003627	4832.815073615322
V3C99_003640	55.384950598041975
V3C99_003658	148.4564628970758
V3C99_003659	3.4432910481105186
V3C99_003714	0.3449867992513711
V3C99_003714	5.654308559301716
V3C99_003715	0.0
V3C99_003719	34.74698878578351
V3C99_003720	0.0328898718362741
V3C99_003736	9.401187767727636
V3C99_003774	33.374127005969086
V3C99_003816	11.381473706479346
V3C99_003825	53.630490469183705
V3C99_003835	63.95829893902527
V3C99_003864	3.0065040678661408
V3C99_003883	1.612685678478097
V3C99_003886	455.81601622930975
V3C99_003895	0.3474569596463202
V3C99_003914	48.06331166542869
V3C99_003939	0.1049472053242715
V3C99_003965	78.61699867265393
V3C99_003984	2.217857834462957
V3C99_003985	0.0
V3C99_004001	35.95688414389534
V3C99_004030	1.379223732582335
V3C99_004038	9.381786312672688
V3C99_004043	0.1182442612174301
V3C99_004043	0.0700010783986117
V3C99_004044	120.73792977283124
V3C99_004060	2.0471670149783328
V3C99_004062	0.0
V3C99_004062	0.0249576086287021
V3C99_004065	0.0
V3C99_004067	1.2505303862234964
V3C99_004077	0.651769042449308
V3C99_004091	0.0
V3C99_004091	0.0
V3C99_004095	42.70896347441197
V3C99_004108	18.46468815659548
V3C99_004110	72.99660328992144
V3C99_004124	0.0
V3C99_004124	2.813925826419771
V3C99_004133	0.7435175463581277
V3C99_004142	0.0474958631225352
V3C99_004142	0.0
V3C99_004172	0.1840616797717603
V3C99_004185	100.02429311906076
V3C99_004250	2.4245952386284797
V3C99_004265	55.36394733145533
V3C99_004289	4.081702627153211
V3C99_004334	366.8770137459695
V3C99_004335	71.0983016115558
V3C99_004339	245.9061898733528
V3C99_004346	0.9695535140698796
V3C99_004351	641.3931446248866
V3C99_004355	0.0
V3C99_004358	66.91862563089462
V3C99_004363	1889.3161726729895
V3C99_004366	1.2542679369398717
V3C99_004385	0.0
V3C99_004397	0.3605435698614105
V3C99_004405	51.77677638032028
V3C99_004410	82.06573826309553
V3C99_004492	0.0
V3C99_004495	85.56617212640333
V3C99_004497	149.85865896795914
V3C99_004532	67.0019931280716
V3C99_004541	0.3873325129993448
V3C99_004584	189.31716928100897
V3C99_004594	0.0115701850731019
V3C99_004594	4.934097417604005
V3C99_004594	0.0384889175436135
V3C99_004601	0.0310070168103242
V3C99_004669	0.0
V3C99_004675	2.299753750531253
V3C99_004686	258.5548817808066
V3C99_004729	46.10783396639725
V3C99_004740	60.667721984709125
V3C99_004756	14.919765849315114
V3C99_004758	0.0
V3C99_004769	7.342684639648134
V3C99_004774	0.3423510220203543
V3C99_004806	5.283150104159853
V3C99_004839	0.2356531379518425
V3C99_004842	0.392790877191859
V3C99_004891	30.77304543474032
V3C99_004950	272.39310433057085
V3C99_004953	0.0588822532026435
V3C99_004953	0.768576786163953
V3C99_004970	0.0
V3C99_004970	0.0
V3C99_004970	0.9978698205909888
V3C99_004974	0.6004908100685622
V3C99_004974	1.469543397544757
V3C99_004975	0.7343996199060695
V3C99_004985	1.257231544401338
V3C99_004992	32.602684889265184
V3C99_005029	0.0
V3C99_005029	0.0297739892412587
V3C99_005034	0.1007764483690865
V3C99_005035	195.61276617166317
V3C99_005053	1.8843248456837811
V3C99_005053	0.1413836369773145
V3C99_005056	0.7233866770812458
V3C99_005060	0.0
V3C99_005060	0.0
V3C99_005060	0.2370841688864509
V3C99_005060	0.0662361512609095
V3C99_005073	0.8108149537647952
V3C99_005078	21.280202598753927
V3C99_005082	90.11852173984948
V3C99_005101	87.05269999109147
V3C99_005103	0.398737580133677
V3C99_005104	0.0453229837565495
V3C99_005112	15.492696342815591
V3C99_005133	0.0
V3C99_005133	0.0
V3C99_005146	2.727848070584265
V3C99_005160	85.92251102546926
V3C99_005162	1.0414794644665546
V3C99_005244	0.0
V3C99_005245	0.5970501737933468
V3C99_005245	0.0710682219467353
V3C99_005246	0.0750797081493959
V3C99_005260	89.45720946380374
V3C99_005284	0.0
V3C99_005288	0.0
V3C99_005291	223.04215571310547
V3C99_005336	0.1334954763897837
V3C99_005399	1.973998910719781
V3C99_005401	0.0
V3C99_005426	0.1464066474076641
V3C99_005434	2.9838896348009936
V3C99_005434	3.2879608892290317
V3C99_005438	0.0769199078702397
V3C99_005438	0.8786530139948571
V3C99_005448	2.678761561774472
V3C99_005458	0.6197424646872481
V3C99_005471	0.2324437408198215
V3C99_005504	0.0
V3C99_005516	108.07648951253296
V3C99_005535	6.266352645182302
V3C99_005561	88.67153852591298
V3C99_005585	0.0
V3C99_005586	0.6200195374455729
V3C99_005591	0.0
V3C99_005604	0.0
V3C99_005604	0.0
V3C99_005615	0.0
V3C99_005617	0.0675363094472217
V3C99_005618	2.5357354204279736
V3C99_005619	0.5078870627655175
V3C99_005619	0.05986199590869
V3C99_005681	0.2471497970494701
V3C99_005681	0.1291799043080004
V3C99_005682	130.94284253778403
V3C99_005702	1.6979903798197995
V3C99_005703	1.1878427002681808
V3C99_005741	0.0
V3C99_005746	181.3108033026349
V3C99_005752	10.16677383366475
V3C99_005783	839.9526489208071
V3C99_005786	1.2636956887649775
V3C99_005794	0.3882634954095266
V3C99_005794	0.3331647445206151
V3C99_005808	27.91677983227088
V3C99_005832	255.6819889002418
V3C99_005844	0.7580184209265122
V3C99_005874	113.43683913957516
V3C99_005913	1.0373527605306367
V3C99_005913	0.1364011881918455
V3C99_005914	340.3923860023028
V3C99_005914	0.0605743586531986
V3C99_005914	5.341715018041604
V3C99_005916	31.32613056672327
V3C99_006008	2.7979153661610017
V3C99_006014	0.2048211531608616
V3C99_006014	0.0
V3C99_006019	0.5547894775576858
V3C99_006030	0.0
V3C99_006057	275.71398354229945
V3C99_006058	56.38095882548145
V3C99_006084	2.603170582265198
V3C99_006084	10.425267331759857
V3C99_006110	0.0
V3C99_006122	10.250670591208875
V3C99_006125	68.23434773703825
V3C99_006128	1.3148653877228265
V3C99_006129	3.7014407694540488
V3C99_006169	0.0
V3C99_006169	0.0
V3C99_006170	335.7542536281378
V3C99_006206	0.1738897928021937
V3C99_006211	0.0245405791786081
V3C99_006220	134.9376900280405
V3C99_006240	159.02034377671404
V3C99_006278	1709.4122813973518
V3C99_006284	404.0932317402871
V3C99_006308	1.087742928042986
V3C99_006324	1.3023672089780092
V3C99_006325	414.94011579081865
V3C99_006326	133.5448641234361
V3C99_006331	223.08202929315956
V3C99_006339	272.67278264800524
V3C99_006365	33.13141172706045
V3C99_006366	5.108838539049071
V3C99_006374	82.07223681261733
V3C99_006383	0.2629835521661183
V3C99_006384	0.4683860121114391
V3C99_006388	0.8380767711774953
V3C99_006388	0.0152071450425783
V3C99_006396	5.235390698274323
V3C99_006397	0.2218328601313695
V3C99_006399	7.084239445164389
V3C99_006421	112.0966902129802
V3C99_006463	57.07033237256348
V3C99_006464	0.1559184121867529
V3C99_006487	0.0
V3C99_006507	692.044407554421
V3C99_006534	7.179662974591529
V3C99_006536	94.6205935511468
V3C99_006553	583.5571709436466
V3C99_006563	51.85360959090308
V3C99_006581	117.14378493208712
V3C99_006590	1.6647616125121738
V3C99_006593	47.71953608353943
V3C99_006613	6.728292033251712
V3C99_006613	11.566965119710046
V3C99_006615	461.3159261563128
V3C99_006620	3.481434560718152
V3C99_006636	51.61210636157619
V3C99_006666	0.0
V3C99_006669	84.50945988209601
V3C99_006686	416.12593691865663
V3C99_006736	0.0
V3C99_006763	0.0
V3C99_006797	127.1412116113289
V3C99_006806	0.0211053435635095
V3C99_006811	0.4877060612497765
V3C99_006956	375.28863936387353
V3C99_006957	535.6745145692595
V3C99_006958	33.40107767999341
V3C99_006985	2.016501098026842
V3C99_007019	114.01273786729568
V3C99_007060	68.91484159129705
V3C99_007068	0.0
V3C99_007069	8.752953488633109
V3C99_007090	121.71411017164638
V3C99_007156	0.4988649171266357
V3C99_007158	0.0
V3C99_007160	113.03168257959028
V3C99_007162	2.382166602564991
V3C99_007180	153.38095806371447
V3C99_007204	0.1423073420650616
V3C99_007208	0.0
V3C99_007208	0.1741991508288082
V3C99_007244	5.970755166375944
V3C99_007281	0.0
V3C99_007329	12.68708442563185
V3C99_007329	0.0
V3C99_007351	149.37631511599798
V3C99_007365	0.0131430689354895
V3C99_007366	1.3970816626663332
V3C99_007366	0.0697827872842001
V3C99_007367	0.0
V3C99_007420	52.86159542775615
V3C99_007422	141.34237210950872
V3C99_007431	0.0
V3C99_007431	0.0
V3C99_007437	126.51387665533916
V3C99_007460	111.50590214996755
V3C99_007477	0.6088486651219963
V3C99_007485	3.691676263182227
V3C99_007491	30.214345100942108
V3C99_007502	0.0
V3C99_007524	0.3159894763974407
V3C99_007526	37.58904752053088
V3C99_007528	120.08753901820826
V3C99_007536	0.5390981243774495
V3C99_007540	9.248449773114796
V3C99_007562	44.04446726989365
V3C99_007569	62.07213804390793
V3C99_007607	0.1501357476876348
V3C99_007662	304.7260810550799
V3C99_007681	53.38977168469038
V3C99_007710	0.0776993202208121
V3C99_007732	17.521360022951054
V3C99_007763	0.2933266187412097
V3C99_007776	0.005910210509522
V3C99_007782	4.788023397463927
V3C99_007782	3.4048813363754733
V3C99_007839	1.2307371577766952
V3C99_007878	4.4017595904056686
V3C99_007942	58.398638311259255
V3C99_007948	0.1749736728838651
V3C99_007956	0.2204402692706746
V3C99_007982	8.427585917164238
V3C99_008027	1.4012871945547547
V3C99_008033	15.30552334921104
V3C99_008052	31.23215139959461
V3C99_008085	0.4292705223128445
V3C99_008106	39.72032848212204
V3C99_008127	0.0
V3C99_008127	0.0071226027773863
V3C99_008127	0.0
V3C99_008136	0.4793940650575193
V3C99_008139	0.0
V3C99_008139	1.4487834810574614
V3C99_008196	12.335555136551385
V3C99_008215	0.0408821133415463
V3C99_008215	0.3702576053854304
V3C99_008217	9.590333119950932
V3C99_008217	5.852164942204105
V3C99_008229	0.0
V3C99_008245	11.81486732388294
V3C99_008255	0.0404456494980422
V3C99_008294	23.402405404483225
V3C99_008305	0.1925253875312334
V3C99_008328	3.272244294613821
V3C99_008333	0.0
V3C99_008333	0.0
V3C99_008333	0.1517234545984977
V3C99_008366	0.1115770990424671
V3C99_008368	17.710285506752836
V3C99_008382	4.692051854103634
V3C99_008408	6.1270300156258415
V3C99_008432	0.5620625667939012
V3C99_008494	0.0999904812772112
V3C99_008499	2.393858935215309
V3C99_008506	1.7959234094058685
V3C99_008513	0.0
V3C99_008516	3.1768887296160453
V3C99_008532	0.2585197496343173
V3C99_008535	0.0750763619976264
V3C99_008535	0.0272652736939144
V3C99_008624	151.26486798131637
V3C99_008632	0.2375607384485885
V3C99_008668	0.3227222724519145
V3C99_008670	1703.7209078375856
V3C99_008671	44.43127557649304
V3C99_008702	0.0754849272795438
V3C99_008716	76.79458326413275
V3C99_008742	31.241205532108363
V3C99_008746	0.5490941597660524
V3C99_008793	85.65504847009304
V3C99_008794	45.78939341262595
V3C99_008800	311.9972700286259
V3C99_008847	0.0
V3C99_008853	0.4077500888951605
V3C99_008856	264.71238915944593
V3C99_008875	0.0
V3C99_008877	185.16374480845857
V3C99_008878	32.14879416799406
V3C99_008910	739.4552997018964
V3C99_008956	0.325582978728926
V3C99_008956	0.0617517366918866
V3C99_008957	0.0297630350028616
V3C99_008957	0.0150333697208331
V3C99_008957	0.6329662739261046
V3C99_009003	0.0
V3C99_009003	0.4687447013629391
V3C99_009070	16.794275108336294
V3C99_009075	0.832376259268317
V3C99_009119	12.032198680433376
V3C99_009138	0.1316290208542277
V3C99_009160	98.29619798348811
V3C99_009162	0.4253940006402585
V3C99_009167	0.4463020713738674
V3C99_009173	0.0
V3C99_009173	0.0
V3C99_009210	28.300360478498472
V3C99_009211	23.93329588748936
V3C99_009212	0.0
V3C99_009212	0.0
V3C99_009213	0.0
V3C99_009232	255.59342659315325
V3C99_009242	185.051033703736
V3C99_009248	50.43129263541071
V3C99_009250	0.926876654574464
V3C99_009264	0.1114229503906967
V3C99_009268	0.192219835543438
V3C99_009272	0.0
V3C99_009272	0.0
V3C99_009272	0.0
V3C99_009305	10.473509700300411
V3C99_009305	353.4108436154906
V3C99_009305	3.148043195886183
V3C99_009305	0.6240311804739673
V3C99_009305	0.2090910090860411
V3C99_009309	0.0
V3C99_009310	0.2109297818371609
V3C99_009312	0.5804484272229414
V3C99_009320	1.298633842425751
V3C99_009328	0.0184469281168668
V3C99_009340	0.0579669398979612
V3C99_009343	27.946920004364625
V3C99_009343	0.0660659297148722
V3C99_009365	6904.419132930787
V3C99_009366	18.99476981205985
V3C99_009369	79.45918684309386
V3C99_009373	85.2373202130928
V3C99_009399	152.1577382924799
V3C99_009409	0.1043338579686881
V3C99_009409	0.1286755650917718
V3C99_009415	0.4346493784877201
V3C99_009426	0.0404250978468745
V3C99_009436	4.471609544129173
V3C99_009466	0.3532834386966972
V3C99_009481	6.18467174821743
V3C99_009482	0.7624681928704863
V3C99_009500	22.05890594889649
V3C99_009504	0.2576595222801237
V3C99_009538	0.1137435752128859
V3C99_009590	0.0
V3C99_009590	0.0
V3C99_009634	0.0
V3C99_009636	0.1093073080732406
V3C99_009636	0.406479053372375
V3C99_009637	0.0
V3C99_009645	5.975930628165968
V3C99_009664	385.70036719744144
V3C99_009670	135.29787574453425
V3C99_009671	44.7497420029648
V3C99_009686	0.0127555864297978
V3C99_009717	5.502496508917056
V3C99_009732	0.5124963845897677
V3C99_009746	0.0
V3C99_009799	0.4260023710518261
V3C99_009801	0.3836079244145691
V3C99_009802	0.1622946591159357
V3C99_009811	0.0
V3C99_009828	0.0544458726248043
V3C99_009837	0.3260583283217872
V3C99_009904	1637.6230573114397
V3C99_009911	39.1716978105761
V3C99_009915	160.62368679931518
V3C99_009916	0.1341565222482889
V3C99_009936	0.0
V3C99_009936	0.4297240039654151
V3C99_009939	0.0
V3C99_009945	0.0412637928229507
V3C99_009973	80.38801218448961
V3C99_009992	0.3678335195576523
V3C99_009999	949.7273098041992
V3C99_010000	8.488468137351578
V3C99_010050	0.0
V3C99_010057	0.0833926546778292
V3C99_010057	0.4474568447503495
V3C99_010078	0.0
V3C99_010078	0.0
V3C99_010158	0.256195047838444
V3C99_010158	0.0680662053510059
V3C99_010180	29.97668337189084
V3C99_010182	152.55274152909217
V3C99_010184	5.804937027890413
V3C99_010186	70.93771015055592
V3C99_010197	0.0
V3C99_010198	148.02347568804512
V3C99_010200	0.231304135361377
V3C99_010263	7.339348601956652
V3C99_010272	5.4940818281212245
V3C99_010277	234.76382920791104
V3C99_010278	418.1460890097408
V3C99_010285	0.9415426466005954
V3C99_010290	8.082058295368206
V3C99_010325	100.725942608225
V3C99_010365	0.0253769035287556
V3C99_010365	0.5405596756289898
V3C99_010368	0.0
V3C99_010368	176.57992530174502
V3C99_010370	226.3827649552328
V3C99_010370	0.3304951733754854
V3C99_010370	1.1076501478527483
V3C99_010370	0.3181069609849403
V3C99_010370	0.5670580872140839
V3C99_010406	241.01379452153165
V3C99_010437	12.827858536983872
V3C99_010446	0.1156074514136068
V3C99_010446	0.0
V3C99_010482	0.3264257115091598
V3C99_010484	122.20655480810926
V3C99_010488	0.0367783480507916
V3C99_010495	42.3422435669032
V3C99_010495	9.34225278973902
V3C99_010508	0.0627786949476602
V3C99_010555	329.9828912689359
V3C99_010571	17.714802036177357
V3C99_010602	0.0
V3C99_010648	0.0
V3C99_010675	78.87704297167491
V3C99_010684	0.0
V3C99_010684	0.0
V3C99_010686	0.0
V3C99_010686	0.0
V3C99_010736	86.40400644528528
V3C99_010760	0.0
V3C99_010760	0.2465831079208283
V3C99_010763	502.9405914520444
V3C99_010796	0.2156564996374334
V3C99_010815	169.81340057678864
V3C99_010853	0.3226762493406974
V3C99_010854	0.3452393313862935
V3C99_010855	7.100805979243259
V3C99_010856	3.11559521628598
V3C99_010862	73.43580607421181
V3C99_010875	0.1330734882326797
V3C99_010886	0.0
V3C99_010886	4.677476932437206
V3C99_010919	0.2551919895004575
V3C99_010919	0.0563824079693943
V3C99_010919	0.0
V3C99_010940	83.54103148951516
V3C99_010943	286.23152005397884
V3C99_010964	18.525322641798255
V3C99_010971	806.0417550886299
V3C99_010977	27.36686677356943
V3C99_011000	0.0353962415744123
V3C99_011012	0.0168775720181302
V3C99_011012	0.0169666437540305
V3C99_011026	163.40004752454408
V3C99_011053	0.0121757870466252
V3C99_011137	299.7823458345288
V3C99_011160	13.00759073168692
V3C99_011188	19.32610204870586
V3C99_011208	0.0177799961029498
V3C99_011220	3.6573914481900935
V3C99_011227	26.51743385602913
V3C99_011242	118.30771127130868
V3C99_011273	140.17159611842968
V3C99_011275	137.0826217879994
V3C99_011361	141.43256571466532
V3C99_011365	5.570120885319952
V3C99_011366	0.0
V3C99_011368	0.0893008519452441
V3C99_011369	0.0
V3C99_011370	0.0341754243355324
V3C99_011371	0.6919128049404569
V3C99_011372	0.0
V3C99_011381	0.0
V3C99_011419	0.0
V3C99_011432	132.094161431653
V3C99_011481	33.71422129650071
V3C99_011624	1.7458406961116897
V3C99_011646	0.0
V3C99_011666	0.0
V3C99_011667	70.9190516067231
V3C99_011675	8.35221918290537
V3C99_011675	0.0
V3C99_011680	346.78766975878625
V3C99_011683	583.9797269257339
V3C99_011690	0.7868993447275062
V3C99_011694	0.7881937481118385
V3C99_011705	0.0199896040842373
V3C99_011766	171.2772773123319
V3C99_011767	0.2872141471061222
V3C99_011790	0.1270270146786752
V3C99_011823	24.807949374789636
V3C99_011863	40.719539976430575
V3C99_011883	0.7063314375184078
V3C99_011898	4.434919493967219
V3C99_011950	200.67277823041675
V3C99_012046	148.98354410430173
V3C99_012047	104.7455894921712
V3C99_012063	0.0658896999823406
V3C99_012080	0.0181460325455889
V3C99_012080	0.0412937779314072
V3C99_012156	150.83932524155398
V3C99_012238	0.8224338551036938
V3C99_012238	0.8878724931000307
V3C99_012261	52.336529709165
V3C99_012297	107.09303319263697
V3C99_012318	44.02909602494925
V3C99_012330	315.66679344781807
V3C99_012365	0.1855475113600377
V3C99_012367	4.313028652389012
V3C99_012386	240.43239382755732
V3C99_012447	2466.076993132408
V3C99_012481	112.13720042237937
V3C99_012487	2.040771067342639
V3C99_012495	94.92299177707696
V3C99_012522	0.0
V3C99_012602	0.0076206438560922
V3C99_012636	0.3014681750970403
V3C99_012644	74.02895109258462
V3C99_012647	1.148331469943457
V3C99_012650	106.70333018325148
V3C99_012661	0.0694907959289285
V3C99_012705	0.0
V3C99_012705	0.4317396746918469
V3C99_012721	0.0
V3C99_012721	0.0
V3C99_012725	0.0
V3C99_012725	0.0823158935771196
V3C99_012739	11.939354953846186
V3C99_012772	33.842632920471125
V3C99_012772	22.006115274190734
V3C99_012774	275.3261281964967
V3C99_012784	32.809974295714376
V3C99_012793	1.4151449872546795
V3C99_012808	86.14321131481825
V3C99_012815	0.0
V3C99_012834	0.3309925890825211
V3C99_012834	0.0262056367491584
V3C99_012834	1.0776326233206628
V3C99_012859	124.71814531478768
V3C99_012881	66.13856359482416
V3C99_012882	2.3879897640973606
V3C99_012882	2.9712284060633483
V3C99_012882	0.0
V3C99_012893	0.2727116907350294
V3C99_012920	0.7942638927415081
V3C99_012921	4.069778088346219
V3C99_012922	15.495355188558564
V3C99_012929	79.17388639871918
V3C99_012940	0.5106464930447001
V3C99_012940	32.83557711662802
V3C99_012941	3.2522452357608995
V3C99_012971	1.8369801420199556
V3C99_013029	0.89010843675934
V3C99_013063	62.03305545765832
V3C99_013070	361.5255444237139
V3C99_013071	35.3147032559713
V3C99_013072	92.75727635224428
V3C99_013074	0.0227495628250904
V3C99_013139	56.748857220579374
V3C99_013147	54.36305041564095
V3C99_013149	171.31729784859462
V3C99_013164	21.457996871671146
V3C99_013172	0.0
V3C99_013172	0.5643485363945311
V3C99_013194	0.2228691333378857
V3C99_013194	0.0164131275314482
V3C99_013206	25.90044709139266
V3C99_013207	27.91937860530129
V3C99_013209	0.4066890654833155
V3C99_013229	0.0574267715185522
V3C99_013232	0.0132364714558432
V3C99_013240	1.301971454270921
V3C99_013254	128.12862341231997
V3C99_013265	773.7936803719705
V3C99_013268	2.609449451519436
V3C99_013269	1.4579173292458665
V3C99_013281	0.0
V3C99_013281	0.0490496354552528
V3C99_013298	3.6002183870045594
V3C99_013305	0.4254851252143326
V3C99_013328	0.0
V3C99_013341	0.0
V3C99_013343	0.0
V3C99_013359	13.455418546364342
V3C99_013368	0.0893484940561717
V3C99_013370	0.4673034228055129
V3C99_013371	79.26654235597216
V3C99_013385	0.7792495408177972
V3C99_013385	0.6232004365176463
V3C99_013385	0.0844492617808647
V3C99_013393	1.4210884495572402
V3C99_013404	422.4853287723191
V3C99_013411	38.80480793170986
V3C99_013429	22.72949853387621
V3C99_013433	2090.832025592621
V3C99_013470	26.796397737990823
V3C99_013492	0.015851034122837
V3C99_013492	2.3371683555388967
V3C99_013492	0.0
V3C99_013502	14.255610067280848
V3C99_013504	236.9321812375067
V3C99_013510	60.96396186142843
V3C99_013517	0.4238535718083118
V3C99_013519	0.4655825872662021
V3C99_013519	0.6200656118101338
V3C99_013569	0.0
V3C99_013570	0.0
V3C99_013570	0.0
V3C99_013570	0.0
V3C99_013592	0.033146823959995
V3C99_013632	342.0919218687409
V3C99_013633	0.8252722123858104
V3C99_013637	323.7726181401787
V3C99_013639	0.0
V3C99_013640	0.1745584178650126
V3C99_013640	0.1507724619786235
V3C99_013641	0.1703652454681366
V3C99_013654	2.115732339513738
V3C99_013659	4431.833142143634
V3C99_013666	12.995800941280743
V3C99_013677	206.3873087373044
V3C99_013685	0.0515062351192126
V3C99_013685	0.0
V3C99_013685	0.0
V3C99_013686	11.614208728824224
V3C99_013687	33.89528608170123
V3C99_013759	1.1269652717004124
V3C99_013794	0.0629531591789448
V3C99_013833	0.1099132841854414
V3C99_013849	7.814882073813441
V3C99_013856	0.0
V3C99_013858	0.0
V3C99_013863	0.0210386452903109
V3C99_013865	0.0
V3C99_013865	0.1376071529376189
V3C99_013872	0.2562209100246348
V3C99_013879	0.3097225627487235
V3C99_013879	3.792134606391079
V3C99_013887	14.143644214372834
V3C99_013894	0.0
V3C99_013905	0.0897312008980929
V3C99_013907	0.0
V3C99_013909	0.0084347532403147
V3C99_013935	0.0
V3C99_013935	38.12609092879153
V3C99_013936	19.303624691501057
V3C99_013941	0.3494947904840795
V3C99_013957	20.199994708738544
V3C99_014060	150.56864704390253
V3C99_014162	0.64453233679408
V3C99_014279	2.1230838309589104
V3C99_014280	0.8155889255849761
V3C99_014311	0.0298635857967902
V3C99_014322	5.311257491372674
V3C99_014324	48.027584925896406
V3C99_014325	0.0
V3C99_014358	128.58230107125385
V3C99_014399	0.1803094183424235
V3C99_014409	10.499805291379673
V3C99_014417	0.6839199985609438
V3C99_014438	11.272914584451202
V3C99_014447	0.7373500048039516
V3C99_014480	14.858908577191649
V3C99_014481	0.0
V3C99_014572	0.1606483510718023
V3C99_014572	3.572958657638432
V3C99_014582	0.5876638070059791
V3C99_014604	0.6154161334849827
V3C99_014609	0.0
V3C99_014631	0.0196873527747213
V3C99_014667	9.89990354106506
V3C99_014689	100.65405452612596
V3C99_014698	5.336344672555424
V3C99_014710	0.0
V3C99_014711	1134.4902131359293
V3C99_014714	11.50833314681181
V3C99_014716	0.0
V3C99_014716	0.3692412789849038
V3C99_014729	0.0
V3C99_014755	231.3036060164765
V3C99_014798	233.54018576534503
V3C99_014839	0.0
V3C99_014839	0.0
V3C99_014882	0.6309771225709924
V3C99_014903	0.0
V3C99_014905	194.07465227046737
V3C99_014928	0.0682390546758555
V3C99_014928	3.4123396240127306
V3C99_014928	0.0
V3C99_014944	0.0
V3C99_014944	0.8647528606420827
V3C99_014962	0.0307077934876673
V3C99_014990	0.0
V3C99_014992	15.829885187042182
V3C99_015025	0.9438133782635614
V3C99_015027	4.594408498434926
V3C99_015041	0.0931462813419819
V3C99_015056	0.0
V3C99_015056	48.55021197399808
V3C99_015056	1.0727927238040458
V3C99_015056	1.4650922076449084
V3C99_015059	0.1419212037322494
V3C99_015059	0.0
V3C99_015059	0.0
V3C99_015059	0.0
V3C99_015081	2.4592108196225224
V3C99_015086	0.316310745253588
V3C99_015092	0.075760665699225
V3C99_015092	0.8478692591145095
V3C99_015095	0.1396491091754305
V3C99_015097	0.0510739684590772
V3C99_015149	0.6599998154632377
V3C99_015153	0.0467869400544423
V3C99_015161	173.48491805867835
V3C99_015162	0.0
V3C99_015162	0.0
V3C99_015195	0.0182636805699378
V3C99_015200	10.892849793389155
V3C99_015200	0.2736188333269985
V3C99_015223	3.2567713600049406
V3C99_015223	0.0634422588218892
V3C99_015227	0.0
V3C99_015227	0.0290700655161775
V3C99_015236	63.30871395790791
V3C99_015237	0.0131763772263334
V3C99_015237	0.0
V3C99_015246	0.0355911873036193
V3C99_015252	0.173422449423148
V3C99_015297	1.2757945976872482
V3C99_015300	8.711924349694423
V3C99_015302	0.3705435060449751
V3C99_015308	41.697111281413015
V3C99_015362	0.0
V3C99_015392	0.0
V3C99_015392	2.9968044730434684
V3C99_015392	0.0
V3C99_015458	0.0
V3C99_015469	0.0172744940496928
V3C99_015521	49.241231457864735
V3C99_015526	1.441055365374212
V3C99_015549	146.62134287378387
V3C99_015552	79.42066049683747
V3C99_015570	798.7533436316468
V3C99_015632	21.389918287263026
V3C99_015637	630.3657115460356
V3C99_015651	0.5570505822502428
V3C99_015739	0.0
V3C99_015776	77.55411901809835
V3C99_015780	0.1335210305878409
V3C99_015782	0.0
V3C99_015840	0.8077550738289255
V3C99_015853	1.2379169051486512
V3C99_015866	0.0
V3C99_015869	3.8290332873681634
V3C99_015901	0.0
V3C99_015902	0.5838536936485115
V3C99_015968	115.01750676727852
V3C99_015995	0.9074526103748258
V3C99_016005	0.6340431410527937
V3C99_016014	0.030197818269604
V3C99_016015	0.0
V3C99_016015	0.0311949661658131
V3C99_016051	3.133214582721305
V3C99_016053	82.4398094871138
V3C99_016068	0.0
V3C99_016089	168.50460084224946
V3C99_016113	0.6322583596598133
V3C99_016117	0.1121789173548218
V3C99_016168	0.0397326069310971
V3C99_016193	56.195575700069845
V3C99_016257	80.83789724883313
V3C99_016268	2.2785096134607845
V3C99_016270	0.0803828993748519
V3C99_016271	0.0
V3C99_016271	0.0
V3C99_016290	52.07490573040757
V3C99_016414	73.23778663086307
V3C99_016419	0.0158313189062663
V3C99_016511	65.8669261848189
V3C99_016521	0.1961543267632651
V3C99_016521	0.0
V3C99_016521	0.3103597347898773
V3C99_016534	11.139708159944874
V3C99_016537	1.6436616406023667
V3C99_016551	2.469541407807028
V3C99_016551	0.0
V3C99_016608	0.1235472594718655
V3C99_016644	0.0
V3C99_016650	1.2044761531642514
V3C99_016668	350.41825978522365
V3C99_016689	0.0748537660156061
V3C99_016773	16.374552057624282
V3C99_016776	0.0
V3C99_016837	42.51315216399433
V3C99_016899	13.413155647649114
V3C99_016930	0.1533539807305796
V3C99_016930	2.8959854679729538
V3C99_016974	1352.6532387386503
V3C99_017008	49.44462792615983
V3C99_017062	74.25838977651775
V3C99_017083	6.264821907674904
V3C99_017083	17.252068372124103
V3C99_017084	0.0
V3C99_017086	0.0
V3C99_017147	77.62355559042128
V3C99_017153	33.246480772329086
V3C99_017154	20.723351541422648
V3C99_017173	0.0895359603597345
V3C99_017203	11.174743767634636
V3C99_017204	788.8040121596822
V3C99_017207	524.984101215437
V3C99_017215	94.17514021180256
V3C99_017215	23.796394245707223
V3C99_017241	679.7745698922043
V3C99_017279	0.0255973592543916
V3C99_017290	242.2210865789424
V3C99_017303	27.24364475682613
V3C99_017304	356.81356913692235
V3C99_017307	0.0077973725926344
V3C99_017328	114.14809175485247
V3C99_017331	0.0
V3C99_017350	130.68738506271418
V3C99_017359	2.2874407128241905
V3C99_017360	2.853071906483438
V3C99_017362	2.402875099937658
V3C99_017371	0.116932057255656
V3C99_017395	0.0
V3C99_017395	0.382016960232734
V3C99_017408	0.6091142641739588
V3C99_017416	11.838803224487531
V3C99_017451	17.700182620952084
V3C99_017456	73.36788449718432
V3C99_017463	8.023290163955686
V3C99_017492	0.1745299672530782
V3C99_017521	0.4209640497163138
V3C99_017521	0.0
V3C99_017568	0.0
V3C99_017568	8.456739594665331
V3C99_017569	2.7395066639320462
V3C99_017569	0.0217189714885746
V3C99_017588	1.3186717555526046
V3C99_017612	0.0
V3C99_017615	1.9380532169212397
V3C99_017648	0.0
V3C99_017659	1.233768427735768
V3C99_017660	4.255291957757935
V3C99_017662	48.88847810102851
V3C99_017689	2.52957857755125
V3C99_017691	0.0
V3C99_017760	0.0
V3C99_017761	0.0231785322382322
V3C99_017761	0.0
V3C99_017762	0.2053216438426086
V3C99_017762	0.2760811375704028
V3C99_017770	1.0919336395666228
V3C99_017838	61.70112303227621
V3C99_017982	3.866126855642081
V3C99_017982	3.4212658472064965
V3C99_018096	1.219061240732687
V3C99_018096	1.0131270732573068
V3C99_018295	14.054388330529044
V3C99_018295	3.4395717866676723
V3C99_018295	6.954563421628741
V3C99_018421	0.2227273283222279
V3C99_018421	0.0
V3C99_018498	1005.3690058847392
V3C99_018559	0.0075385512483409
V3C99_018691	1.691503527573048
V3C99_018691	0.1916049396865471
V3C99_018725	481.4012342622834
V3C99_018763	0.0255589967884299
V3C99_018763	0.0
V3C99_018801	104.19086261132236
V3C99_018865	1.0228799215308413
V3C99_018879	0.5586017301313918
V3C99_018880	0.0
V3C99_018898	201.89189758025117
V3C99_018898	690.0745937450689
V3C99_018905	394.0344571938404
V3C99_018914	137.34516639198242
V3C99_018923	0.6381497246933646
V3C99_018926	38.159978423168674
V3C99_018939	3.447715195566546
V3C99_018949	75.24948000394126
V3C99_018964	0.0251940567806872
V3C99_018966	0.0409241731289347
V3C99_018967	844.5595265370251
V3C99_018973	24.096364299121703
V3C99_018979	54.89883289822666
V3C99_018984	0.0325950842525943
V3C99_019004	232.4923806096673
V3C99_019038	0.0
V3C99_019038	77.89575600212078
V3C99_019066	316.8299780184633
V3C99_019068	0.0
V3C99_019077	2.2977945443192027
V3C99_019083	9.507299098894292
V3C99_019087	2.1557232105799096
V3C99_019105	0.0468148092782967
V3C99_019109	0.4101832191337268
V3C99_019111	0.6190318997270493
V3C99_019115	7.479723392961052
V3C99_019115	15.886822112540797
V3C99_019117	237.7714737651802
V3C99_019165	378.0133909518879
V3C99_019170	76.62898063781837
V3C99_019171	0.0784119732932767
V3C99_019186	1982.6058115338492
V3C99_019188	0.0
V3C99_019223	2.8800063807953453
V3C99_019223	7.382582643071923
V3C99_019229	0.0908630762868273
V3C99_019229	0.0
